{
  "model_name": "EarlyFusion3D",
  "num_epochs": 75,
  "learning_rate": 0.001,
  "train_losses": [
    2.3375140258244107,
    2.2481038911002025,
    2.207542646498907,
    2.1772103366397677,
    2.1311081610028704,
    2.1210731589604936,
    2.1382509451063854,
    2.0783380989044433,
    2.1084922438576106,
    2.037620258709741,
    1.9855815777702936,
    1.9508819107025388,
    1.9088164265193637,
    1.9237363319548348,
    1.8779774715030004,
    1.8101449050600567,
    1.8515330117846291,
    1.8214809762107,
    1.6948519831611997,
    1.7743948716965934,
    1.727424489127265,
    1.7220920683845642,
    1.6433273270016624,
    1.6580435397132995,
    1.6462013967453488,
    1.602188940086062,
    1.581962902394552,
    1.5586790064024547,
    1.4825432177573916,
    1.5149867553559562,
    1.4252961921313452,
    1.416694582454742,
    1.4335222405100625,
    1.4105577014741444,
    1.268824139284709,
    1.3641366618020194,
    1.3802452163090781,
    1.226505940868741,
    1.2953178035834478,
    1.2448604797560072,
    1.0782349601624504,
    1.168090642444671,
    1.1751011979012262,
    1.0870997148846824,
    1.1750767320867568,
    1.1051347080677274,
    1.0512132417588007,
    1.0073914901604728,
    0.9595912500979409,
    0.924742993854341,
    0.978094322340829,
    0.9670734587642882,
    0.8582959004810878,
    0.939581346890283,
    1.0249348429460374,
    0.8719617111815346,
    0.7829324811223953,
    0.7496860691952327,
    0.8941032515158729,
    0.8720620657716479,
    0.8478055331442091,
    0.7453462954551454,
    0.8014906417755854,
    0.6385298147797585,
    0.7388123524567437,
    0.5506228286595571,
    0.6967096933060222,
    0.6534313263874205,
    0.5646892700876508,
    0.5628297221329477,
    0.610179797169708,
    0.668586565033784,
    0.5071667750912999,
    0.5688230334411538,
    0.5414665311811462
  ],
  "val_losses": [
    2.2789034048716226,
    2.2301554044087726,
    2.3975813150405885,
    2.3835699717203775,
    2.369544021288554,
    2.152185042699178,
    2.179381267229716,
    2.0689608097076415,
    2.175116697947184,
    2.012493848800659,
    2.1436933120091757,
    2.8394974946975706,
    2.1807312965393066,
    2.00966960589091,
    1.8732413291931151,
    1.9312018235524495,
    1.9114389499028523,
    1.830300227801005,
    1.8864202499389648,
    2.1829612135887144,
    1.8823713302612304,
    2.8952397028605144,
    1.9128118673960368,
    1.5690064112345377,
    1.7696282982826232,
    1.867478326956431,
    1.6190619270006816,
    1.531331181526184,
    1.7635231455167135,
    1.9320340077082316,
    1.5404422760009766,
    1.6550252437591553,
    1.5957379023234048,
    1.6480124692122142,
    1.3446218907833098,
    2.155476721127828,
    1.3994726146260896,
    1.9511484543482462,
    1.51520387729009,
    1.6133423308531443,
    1.279375003774961,
    1.330569197734197,
    1.2283973038196563,
    1.972935613617301,
    1.1309230744838714,
    1.1557544638713202,
    1.0696314851442972,
    1.4603296836217246,
    1.4216777163247267,
    1.3010965704917907,
    1.3331416482726732,
    1.4172574212153752,
    1.1833840131759643,
    1.4927051723003388,
    1.1803355912367504,
    0.8582759533077479,
    1.172051290422678,
    1.3053816889723142,
    1.1894240518411001,
    1.5218896601969998,
    1.0327894712487857,
    1.3201800445715586,
    0.996558287118872,
    1.0867600798606873,
    0.8002999511857828,
    1.039778030415376,
    0.8802744209766388,
    0.9003255223234494,
    1.113374341527621,
    1.641436642408371,
    1.2574308087428412,
    1.5235411585696663,
    1.0928743466734887,
    1.0019352914765478,
    0.7044051411872109
  ],
  "train_accs": [
    11.2,
    13.2,
    15.2,
    16.6,
    18.4,
    18.4,
    18.4,
    20.2,
    18.8,
    21.4,
    24.0,
    24.6,
    29.0,
    26.0,
    31.0,
    31.6,
    27.0,
    31.4,
    33.4,
    33.0,
    34.6,
    36.8,
    39.2,
    37.4,
    39.8,
    40.2,
    40.4,
    42.2,
    45.0,
    42.8,
    45.6,
    48.6,
    46.2,
    48.2,
    52.0,
    48.8,
    51.4,
    54.6,
    53.4,
    55.0,
    59.8,
    57.2,
    57.6,
    62.8,
    60.8,
    63.2,
    64.2,
    65.4,
    65.6,
    66.6,
    65.6,
    66.2,
    70.0,
    65.6,
    65.0,
    71.0,
    75.6,
    73.8,
    70.6,
    70.6,
    68.8,
    72.2,
    73.2,
    80.4,
    74.2,
    81.6,
    78.6,
    76.6,
    81.0,
    81.4,
    77.8,
    79.4,
    82.0,
    81.2,
    84.4
  ],
  "val_accs": [
    11.666666666666666,
    15.833333333333334,
    11.666666666666666,
    14.166666666666666,
    11.666666666666666,
    20.0,
    14.166666666666666,
    18.333333333333332,
    22.5,
    23.333333333333332,
    25.833333333333332,
    14.166666666666666,
    17.5,
    24.166666666666668,
    30.0,
    29.166666666666668,
    30.0,
    34.166666666666664,
    35.833333333333336,
    25.833333333333332,
    34.166666666666664,
    20.0,
    32.5,
    43.333333333333336,
    37.5,
    31.666666666666668,
    44.166666666666664,
    44.166666666666664,
    36.666666666666664,
    38.333333333333336,
    43.333333333333336,
    40.0,
    45.833333333333336,
    45.0,
    50.833333333333336,
    37.5,
    55.0,
    40.0,
    59.166666666666664,
    51.666666666666664,
    61.666666666666664,
    55.0,
    60.0,
    49.166666666666664,
    61.666666666666664,
    69.16666666666667,
    65.83333333333333,
    59.166666666666664,
    58.333333333333336,
    59.166666666666664,
    63.333333333333336,
    61.666666666666664,
    70.0,
    59.166666666666664,
    64.16666666666667,
    78.33333333333333,
    70.0,
    65.83333333333333,
    62.5,
    61.666666666666664,
    75.83333333333333,
    65.0,
    74.16666666666667,
    73.33333333333333,
    79.16666666666667,
    74.16666666666667,
    75.0,
    75.83333333333333,
    71.66666666666667,
    57.5,
    66.66666666666667,
    66.66666666666667,
    75.83333333333333,
    75.83333333333333,
    83.33333333333333
  ],
  "best_val_acc": 83.33333333333333,
  "best_epoch": 74
}