{
  "model_name": "LateFusion2D",
  "num_epochs": 75,
  "learning_rate": 0.001,
  "train_losses": [
    2.3973541751740473,
    2.03862104150984,
    1.8283651083234758,
    1.4980412504029652,
    1.32970130443573,
    1.006785109166115,
    0.8851662897874438,
    0.7587211550701232,
    0.5558974910823126,
    0.5196321525034451,
    0.43098578037368873,
    0.46033609353951993,
    0.25836016900748726,
    0.2649473187971919,
    0.2991524566378858,
    0.25433959253132343,
    0.13662926100253586,
    0.20861612304690338,
    0.16137380523806705,
    0.14329006129299246,
    0.21679408408864032,
    0.09146747826820328,
    0.11809927860269367,
    0.04429665401432199,
    0.0558554651289587,
    0.06885304208406033,
    0.06092115782799767,
    0.07301186142666709,
    0.11496131401832423,
    0.03370283537411264,
    0.020703068781037313,
    0.00924704812888151,
    0.13206567081683065,
    0.47714772128263516,
    0.30532120084685704,
    0.10976604972489036,
    0.07994182929380461,
    0.045184217766204494,
    0.02104145411685172,
    0.03173580369149845,
    0.018124161917570283,
    0.11734654687472992,
    0.17555872076125179,
    0.07221149877238084,
    0.06456162311189387,
    0.07890072996954023,
    0.06275884286907736,
    0.06516930107677797,
    0.06412381800726594,
    0.11523767236576532,
    0.029893319771554884,
    0.039077535035349206,
    0.02685247549327739,
    0.010031127034265425,
    0.027312311250127442,
    0.010446673525260098,
    0.022830008579578336,
    0.08897982787814886,
    0.19803999972849679,
    0.1680890448102247,
    0.11196497734843953,
    0.019084082788407297,
    0.010268535739602692,
    0.006461910624630541,
    0.005270117952372785,
    0.004541395026604183,
    0.10255952791482871,
    0.12880197229346127,
    0.18203665430025598,
    0.15259434172250103,
    0.12274845439956802,
    0.04803048699293521,
    0.021475311738153584,
    0.03051725065454645,
    0.02189724470989108
  ],
  "val_losses": [
    2.3410529931386312,
    2.0168455918629964,
    1.8530875166257224,
    1.9113368233044943,
    1.6702271620432536,
    1.2001907527446747,
    1.383535083134969,
    1.0969723681608836,
    1.3349984616041184,
    0.9152426260213057,
    1.0896097801625728,
    0.7303993038833141,
    0.7549636945128441,
    0.9795908037573099,
    1.1213424232477942,
    0.8089543948570888,
    0.6628804413834587,
    0.9789008350421985,
    0.6267360985046253,
    0.9330785659966447,
    0.7004940350151931,
    0.7602684494340792,
    0.6380757824614799,
    0.6944542234251154,
    0.8466673703864217,
    0.8341019593877718,
    0.7699854770170229,
    0.6623892448013067,
    0.7591070687243701,
    0.7518550116025532,
    0.7512109977687942,
    0.8092096468710224,
    1.7688459337533762,
    1.7270050009091695,
    0.798230622522533,
    0.8253922565258108,
    0.938291814380015,
    0.8354370803155082,
    0.7969557282906256,
    0.8929215920283847,
    0.7133028920332436,
    0.8400097779299055,
    1.0027540739732406,
    0.9685014373807765,
    0.8411584448079036,
    0.8234014331610524,
    0.8273471388505035,
    0.7151346016898363,
    0.7817909236221264,
    0.8258110864359575,
    0.651772070187144,
    0.7592555897368584,
    0.6328470077719733,
    0.6673568725692651,
    0.6631436798449916,
    0.7369394916167948,
    1.041570396536175,
    0.8422003534021011,
    1.04800603860931,
    0.8900840347754032,
    0.7829130927750764,
    0.7635109104968554,
    0.7620152833264304,
    0.8183020194414894,
    0.7658545169366524,
    0.8332258780193835,
    1.265107683450818,
    1.164388314362926,
    1.175882742848868,
    1.292205941741122,
    0.9935727272815711,
    0.8627105766131232,
    0.976738060570699,
    1.1669543302584013,
    0.9815983201647517
  ],
  "train_accs": [
    14.6,
    24.6,
    32.6,
    49.2,
    56.0,
    65.0,
    70.8,
    75.8,
    80.2,
    82.0,
    84.6,
    84.2,
    90.8,
    91.4,
    89.8,
    92.0,
    94.4,
    93.4,
    96.6,
    94.6,
    94.0,
    97.4,
    96.2,
    98.6,
    97.4,
    98.0,
    98.0,
    97.4,
    97.2,
    99.4,
    99.8,
    100.0,
    96.6,
    88.0,
    92.6,
    97.0,
    97.6,
    99.0,
    99.4,
    98.8,
    99.6,
    97.0,
    95.2,
    97.8,
    98.2,
    98.8,
    98.0,
    98.0,
    98.6,
    96.2,
    99.2,
    99.4,
    99.6,
    99.8,
    99.0,
    99.8,
    98.8,
    97.8,
    95.0,
    96.2,
    96.8,
    99.4,
    99.8,
    100.0,
    100.0,
    100.0,
    97.6,
    96.2,
    95.6,
    95.6,
    98.2,
    98.2,
    99.2,
    99.0,
    99.6
  ],
  "val_accs": [
    17.5,
    24.166666666666668,
    34.166666666666664,
    39.166666666666664,
    40.833333333333336,
    64.16666666666667,
    53.333333333333336,
    65.0,
    62.5,
    75.83333333333333,
    67.5,
    82.5,
    83.33333333333333,
    84.16666666666667,
    78.33333333333333,
    80.83333333333333,
    85.83333333333333,
    80.83333333333333,
    86.66666666666667,
    81.66666666666667,
    85.0,
    86.66666666666667,
    87.5,
    88.33333333333333,
    81.66666666666667,
    86.66666666666667,
    87.5,
    90.0,
    86.66666666666667,
    89.16666666666667,
    90.0,
    90.0,
    73.33333333333333,
    63.333333333333336,
    84.16666666666667,
    85.83333333333333,
    85.0,
    86.66666666666667,
    89.16666666666667,
    85.83333333333333,
    89.16666666666667,
    85.0,
    83.33333333333333,
    86.66666666666667,
    85.83333333333333,
    86.66666666666667,
    86.66666666666667,
    88.33333333333333,
    87.5,
    88.33333333333333,
    88.33333333333333,
    87.5,
    89.16666666666667,
    89.16666666666667,
    87.5,
    90.0,
    85.83333333333333,
    88.33333333333333,
    83.33333333333333,
    88.33333333333333,
    89.16666666666667,
    90.83333333333333,
    90.0,
    89.16666666666667,
    90.83333333333333,
    90.0,
    82.5,
    83.33333333333333,
    80.83333333333333,
    81.66666666666667,
    85.83333333333333,
    87.5,
    86.66666666666667,
    86.66666666666667,
    86.66666666666667
  ],
  "best_val_acc": 90.83333333333333,
  "best_epoch": 61
}