{
  "model_name": "PerFrame3D",
  "num_epochs": 75,
  "learning_rate": 0.001,
  "train_losses": [
    2.3098259804740784,
    2.2939476399194625,
    2.2421368814650036,
    2.2291878840279957,
    2.14648965994517,
    2.160796146544199,
    2.1398208065638467,
    2.079523587983752,
    2.0949100312732516,
    2.0852761438914706,
    2.1054102863584245,
    2.0832033062738087,
    2.0585081596223134,
    2.0431418910859125,
    2.0008492261644393,
    1.9720520632607597,
    1.974954468863351,
    2.0046381742235213,
    1.9424487371293326,
    1.8958041251651825,
    1.8786870733140006,
    1.8807811642449999,
    1.8854156997468736,
    1.8783966019040061,
    1.8909733692804973,
    1.8429106190091087,
    1.8021598865115454,
    1.8132487308411371,
    1.8716720399402438,
    1.7952911286127,
    1.736976078578404,
    1.747141650744847,
    1.7308789851173523,
    1.6813560714797369,
    1.6562213084054371,
    1.6660743213835216,
    1.6207341580163865,
    1.62066013850863,
    1.6024649341901143,
    1.6176051563686795,
    1.597114226174733,
    1.57173300357092,
    1.5340258980554247,
    1.574495826448713,
    1.4705706361740354,
    1.501493427488539,
    1.4639058746988811,
    1.4851931078093392,
    1.3941607286059667,
    1.3511620485593403,
    1.3648031183651514,
    1.3636858188916767,
    1.3607180345626104,
    1.3769557627420577,
    1.2698517772886488,
    1.2688760956128438,
    1.2353354389705355,
    1.4138609265524245,
    1.3829666423419165,
    1.2031583331880116,
    1.1709407132769387,
    1.2360374236863756,
    1.230209853914049,
    1.1787294584607322,
    1.1633517131918953,
    1.0724124038030232,
    1.0760344598028395,
    1.0775490232876368,
    1.0316079476523021,
    0.9888620475927988,
    1.0964091434365226,
    0.9341540923194279,
    0.969707976731043,
    0.9888846429567488,
    1.0705272886488173
  ],
  "val_losses": [
    2.329670524597168,
    2.3284242471059162,
    2.261442120869954,
    2.1623451073964435,
    2.1732513189315794,
    2.4099554697672527,
    2.1803916851679483,
    2.0896861076354982,
    2.0881795406341555,
    2.0937846581141155,
    2.0677319765090942,
    2.131482235590617,
    2.0548065106074014,
    1.984723432858785,
    1.9932492971420288,
    2.146724263827006,
    1.9392565568288167,
    1.919288198153178,
    2.0547605117162067,
    1.9368131240208943,
    1.9728110233942668,
    2.0493493556976317,
    1.8949467579523722,
    1.918634557723999,
    2.0666348218917845,
    1.8489368200302123,
    1.8593249241511027,
    1.944547462463379,
    1.976189947128296,
    1.9117437680562337,
    1.7580548842748007,
    1.8814126789569854,
    1.6905090053876242,
    1.7399450858434042,
    1.731721826394399,
    1.7479145487149557,
    1.5704631586869557,
    1.7416600743929544,
    1.6834442079067231,
    1.6759646475315093,
    1.6562086582183837,
    1.90607896844546,
    1.5039918104807535,
    1.6586247483889263,
    1.501812962690989,
    1.421893431742986,
    1.5860545853773753,
    1.9826043486595153,
    1.452630106608073,
    1.43175856868426,
    1.4256621281305948,
    1.6291924128929773,
    1.7072755177815755,
    1.5612801770369211,
    1.5231996536254884,
    1.4342894782622655,
    1.3469880292812983,
    1.6669461945692698,
    1.4694332798322043,
    1.6380564371744792,
    1.436813622713089,
    1.317792538801829,
    1.6489085336526235,
    1.3457624405622481,
    1.352905888358752,
    1.19108151892821,
    1.320025196671486,
    1.326581072807312,
    1.2535283456246058,
    1.2463543176651002,
    1.102365219593048,
    1.0663688133160274,
    1.543186820546786,
    1.5280301903684934,
    1.045525558789571
  ],
  "train_accs": [
    11.4,
    14.4,
    16.4,
    18.4,
    20.0,
    18.8,
    19.6,
    20.4,
    22.0,
    19.0,
    22.6,
    19.6,
    20.4,
    21.6,
    21.6,
    22.0,
    23.8,
    21.4,
    25.2,
    26.8,
    27.6,
    25.0,
    30.8,
    24.2,
    28.4,
    26.6,
    32.4,
    29.2,
    31.2,
    34.6,
    34.8,
    32.0,
    33.4,
    35.4,
    38.8,
    33.8,
    40.4,
    36.4,
    37.2,
    38.8,
    41.2,
    39.0,
    41.4,
    38.0,
    40.0,
    45.6,
    45.6,
    47.2,
    46.0,
    47.8,
    49.6,
    48.6,
    49.4,
    48.6,
    53.6,
    52.2,
    56.6,
    47.4,
    47.0,
    56.6,
    55.0,
    53.4,
    55.8,
    57.6,
    57.4,
    59.2,
    58.8,
    61.6,
    61.4,
    65.6,
    61.2,
    66.4,
    65.2,
    64.2,
    64.2
  ],
  "val_accs": [
    8.333333333333334,
    13.333333333333334,
    15.833333333333334,
    17.5,
    20.0,
    18.333333333333332,
    25.0,
    19.166666666666668,
    20.0,
    21.666666666666668,
    20.833333333333332,
    24.166666666666668,
    26.666666666666668,
    25.833333333333332,
    23.333333333333332,
    24.166666666666668,
    26.666666666666668,
    23.333333333333332,
    23.333333333333332,
    33.333333333333336,
    24.166666666666668,
    22.5,
    29.166666666666668,
    32.5,
    22.5,
    30.0,
    25.833333333333332,
    24.166666666666668,
    29.166666666666668,
    30.833333333333332,
    27.5,
    32.5,
    39.166666666666664,
    33.333333333333336,
    31.666666666666668,
    30.833333333333332,
    37.5,
    34.166666666666664,
    35.0,
    41.666666666666664,
    37.5,
    33.333333333333336,
    42.5,
    40.833333333333336,
    44.166666666666664,
    50.0,
    40.833333333333336,
    32.5,
    51.666666666666664,
    50.833333333333336,
    50.0,
    45.833333333333336,
    45.0,
    44.166666666666664,
    47.5,
    51.666666666666664,
    61.666666666666664,
    48.333333333333336,
    50.0,
    50.0,
    53.333333333333336,
    50.0,
    46.666666666666664,
    55.833333333333336,
    53.333333333333336,
    60.0,
    60.833333333333336,
    53.333333333333336,
    63.333333333333336,
    59.166666666666664,
    60.0,
    64.16666666666667,
    57.5,
    57.5,
    65.0
  ],
  "best_val_acc": 65.0,
  "best_epoch": 74
}