{
  "model_name": "DualStreamEarlyFusion2D",
  "num_epochs": 75,
  "learning_rate": 0.001,
  "train_losses": [
    2.4719014243474082,
    2.1714729903236267,
    2.0619100559325445,
    1.9423860065520755,
    1.9087278161730086,
    1.80587305152227,
    1.742989218424237,
    1.6365842932746524,
    1.5660495162010193,
    1.6182811846808782,
    1.4421036186672391,
    1.4094298245414856,
    1.4855071869161394,
    1.3486111892594232,
    1.2128411928812664,
    1.2726839695658003,
    1.2902565607948908,
    1.1596032698003074,
    1.1242618508755216,
    1.0613436074483962,
    1.0881591595354534,
    1.080965393119388,
    0.9826727523690179,
    1.073071527102637,
    1.0541205360066324,
    0.9640291792059702,
    0.8880420655958237,
    0.9249720391299989,
    0.803917752371894,
    0.8121187303747449,
    0.8166619335848188,
    0.8043150160579927,
    0.7261059033492255,
    0.7992752216874607,
    0.6394444652019985,
    0.6783244271600057,
    0.7438673899760322,
    0.6322115530806874,
    0.7064401762826102,
    0.6387766287440345,
    0.6186424757516573,
    0.6817161293020324,
    0.5793492265400433,
    0.5718986841421279,
    0.6752606296823138,
    0.5769881282060866,
    0.4788374493401202,
    0.4476257341485175,
    0.4810261212821518,
    0.43541532808116507,
    0.40995696810857646,
    0.499584143774377,
    0.47912763047312934,
    0.5260507612237855,
    0.4490514706288065,
    0.40319262134532136,
    0.41758215364940937,
    0.4182896598109177,
    0.3845556415321808,
    0.3535718605705788,
    0.35041907849529436,
    0.40965138193005546,
    0.3742357480620581,
    0.43831894191957654,
    0.3946727601486066,
    0.43848091964092517,
    0.35536046355726225,
    0.33738660363716977,
    0.37044413053312353,
    0.4150512246341104,
    0.3977118490914267,
    0.4355800487539368,
    0.4193191287802562,
    0.23840875033795508,
    0.3354816640660699
  ],
  "val_losses": [
    2.256351375579834,
    1.96375462214152,
    1.9262911001841228,
    1.9025846083958944,
    1.7355695962905884,
    1.8020715554555258,
    1.6532827059427897,
    1.579791901508967,
    1.6130298177401226,
    1.575687336921692,
    1.66935884753863,
    1.5356983264287314,
    1.4400574624538423,
    1.4574649949868521,
    1.4632400393486023,
    1.5683323308825492,
    1.4618003169695537,
    1.5589151521523794,
    1.5637247490386168,
    1.3514001647631326,
    1.5624737779299418,
    1.4510845343271892,
    1.537410322825114,
    1.7181184748808542,
    1.7057743708292643,
    1.786376205086708,
    1.5876851697762808,
    1.5633074621359506,
    1.5545497814814249,
    1.4758596698443094,
    1.6184950987497966,
    1.5888518253962198,
    1.7332298318545023,
    1.4471319834391276,
    1.8280873537063598,
    2.168560423453649,
    2.005340580145518,
    2.1593387564023336,
    1.768012527624766,
    1.993776273727417,
    2.739087986946106,
    1.9561271886030833,
    1.6573799749215443,
    1.789495038986206,
    2.092761965592702,
    1.7726567427317301,
    1.9638449887434641,
    1.933672696352005,
    2.010577388604482,
    2.078474138180415,
    1.9501399934291839,
    1.8761480589707693,
    2.133602982759476,
    1.9373010993003845,
    2.125874698162079,
    2.1965037564436596,
    2.621086362997691,
    1.6837937970956167,
    2.1633872389793396,
    2.2846551458040874,
    2.5748732566833494,
    2.144555534919103,
    2.2228498339653013,
    2.0031614303588867,
    2.540329345067342,
    2.1358776172002156,
    2.4424645781517027,
    2.6257685979207355,
    2.8671542326609294,
    2.2039705475171405,
    2.7560200730959576,
    1.8732731501261393,
    1.9931596279144288,
    2.580963581800461,
    2.9833797454833983
  ],
  "train_accs": [
    9.0,
    18.0,
    20.6,
    31.6,
    29.6,
    33.8,
    35.4,
    37.6,
    41.4,
    39.6,
    46.6,
    45.8,
    46.4,
    50.0,
    54.4,
    54.6,
    56.4,
    61.2,
    60.4,
    60.0,
    61.0,
    62.2,
    67.0,
    63.4,
    64.6,
    64.2,
    67.8,
    67.4,
    70.6,
    71.4,
    72.6,
    70.2,
    75.2,
    72.4,
    78.2,
    79.2,
    74.8,
    76.6,
    75.2,
    78.4,
    79.4,
    78.0,
    79.4,
    79.2,
    77.0,
    81.6,
    83.4,
    85.2,
    86.4,
    84.2,
    85.6,
    83.4,
    84.2,
    84.0,
    85.0,
    85.6,
    86.6,
    87.0,
    86.4,
    88.6,
    86.8,
    86.4,
    87.4,
    86.2,
    88.4,
    86.8,
    88.8,
    88.6,
    88.4,
    87.6,
    87.8,
    86.2,
    89.2,
    93.6,
    91.2
  ],
  "val_accs": [
    16.666666666666668,
    30.833333333333332,
    30.0,
    25.0,
    39.166666666666664,
    35.0,
    40.833333333333336,
    35.833333333333336,
    37.5,
    38.333333333333336,
    48.333333333333336,
    42.5,
    50.833333333333336,
    42.5,
    44.166666666666664,
    41.666666666666664,
    47.5,
    45.833333333333336,
    50.833333333333336,
    53.333333333333336,
    44.166666666666664,
    50.833333333333336,
    45.833333333333336,
    50.833333333333336,
    47.5,
    49.166666666666664,
    50.833333333333336,
    50.0,
    50.833333333333336,
    57.5,
    48.333333333333336,
    50.833333333333336,
    49.166666666666664,
    57.5,
    55.833333333333336,
    47.5,
    59.166666666666664,
    50.833333333333336,
    54.166666666666664,
    53.333333333333336,
    46.666666666666664,
    54.166666666666664,
    57.5,
    50.833333333333336,
    51.666666666666664,
    57.5,
    55.833333333333336,
    62.5,
    58.333333333333336,
    59.166666666666664,
    64.16666666666667,
    52.5,
    54.166666666666664,
    64.16666666666667,
    59.166666666666664,
    59.166666666666664,
    51.666666666666664,
    60.0,
    57.5,
    61.666666666666664,
    57.5,
    63.333333333333336,
    58.333333333333336,
    59.166666666666664,
    53.333333333333336,
    58.333333333333336,
    56.666666666666664,
    50.833333333333336,
    55.833333333333336,
    58.333333333333336,
    54.166666666666664,
    54.166666666666664,
    57.5,
    55.0,
    55.833333333333336
  ],
  "best_val_acc": 64.16666666666667,
  "best_epoch": 50
}