{
  "model_name": "DualStreamLateFusion2D",
  "num_epochs": 75,
  "learning_rate": 0.001,
  "train_losses": [
    2.486125552465045,
    2.2750989917724853,
    2.1141855243652588,
    1.8610435591803656,
    1.7493472884571741,
    1.6354295242400396,
    1.5128121366576543,
    1.4184157025246393,
    1.2638055029369535,
    1.188488627236987,
    1.1640536723628876,
    1.0581166642525839,
    0.9538639847721372,
    0.9085890376378619,
    0.7084627014303965,
    0.8159955224347493,
    0.8005630123236823,
    0.7084714160079048,
    0.6141374891712552,
    0.6298958776843926,
    0.5631465448273553,
    0.5841053799386062,
    0.6570790657211864,
    0.5169034354270451,
    0.6055621944427018,
    0.4826192793746789,
    0.45001741040438886,
    0.5262253051475873,
    0.4214308788881652,
    0.4202031983092191,
    0.4007039943724752,
    0.3504826206980007,
    0.32285545886834227,
    0.3475605306984295,
    0.46370199128674966,
    0.35240397432131604,
    0.26841054867864367,
    0.35909073133139857,
    0.24252440517265644,
    0.2847181993997693,
    0.23391205722064404,
    0.19087749951387875,
    0.2822704785244746,
    0.286007626737941,
    0.22016434909176222,
    0.18292453520449012,
    0.3029912643401148,
    0.2845530543575781,
    0.3790405947485909,
    0.36066632564105683,
    0.24966106029774343,
    0.3085563542147625,
    0.293470144977734,
    0.1854696963485381,
    0.22451248092416098,
    0.20115487955950406,
    0.23772074399600987,
    0.21083722971357813,
    0.3264499038836769,
    0.11945937574186939,
    0.11517177198574144,
    0.17596265581983422,
    0.19778255918518403,
    0.21653747390763103,
    0.12863001693109427,
    0.182691352336983,
    0.1155536911846433,
    0.159672775530294,
    0.27670863816476615,
    0.22604209683015056,
    0.1642716730450971,
    0.18022031570523275,
    0.11194212246600872,
    0.14411382681418405,
    0.16771018725087325
  ],
  "val_losses": [
    2.255058487256368,
    2.096034542719523,
    2.010940372943878,
    1.8614799896876018,
    1.8409854074319203,
    1.9391892353693645,
    1.9843633373578389,
    1.8384202480316163,
    1.9039692242940267,
    1.8878485639890035,
    2.1323282599449156,
    1.986734386285146,
    2.1477356612682343,
    2.149679736296336,
    2.8318910057346027,
    2.6472388446331023,
    2.555852605899175,
    2.4573695222536722,
    2.899609375,
    2.620549660921097,
    2.578511726856232,
    3.24039142926534,
    2.6308634797732036,
    2.6221036950747174,
    2.7626826643943785,
    2.4802515546480817,
    2.525732731819153,
    2.120274887482325,
    2.7870555371046066,
    2.413154846429825,
    2.1473150501648584,
    3.2626463174819946,
    3.2636912941932676,
    3.0856560985247294,
    2.506194698810577,
    2.9629485150178274,
    2.922368364036083,
    2.735144019126892,
    3.0136203169822693,
    3.747451074918111,
    3.040080241362254,
    3.4382757604122163,
    3.356374009946982,
    3.3754542966683707,
    3.285304657618205,
    3.3294151345888774,
    4.11629116932551,
    3.2893273631731668,
    3.328424488504728,
    3.0968204071124394,
    3.5623104850451153,
    3.094843699534734,
    2.7161314884821572,
    2.787190055847168,
    2.934603794415792,
    2.9523534218470258,
    2.7470008358359337,
    2.6885044584671656,
    3.066888415813446,
    2.9040632883707684,
    3.891443939010302,
    4.736673255761464,
    4.648702843983968,
    2.6506120706597964,
    2.98814803759257,
    3.0419360478719075,
    3.652407609609266,
    4.262566351890564,
    2.8497610300779344,
    2.3375351309776304,
    3.407626626888911,
    2.9708267013231913,
    3.5475266797312845,
    3.5425240258375803,
    3.5432187795639036
  ],
  "train_accs": [
    10.6,
    16.4,
    22.0,
    32.6,
    39.0,
    41.8,
    45.2,
    52.2,
    56.2,
    59.4,
    59.2,
    64.0,
    66.4,
    68.0,
    73.2,
    70.8,
    73.2,
    75.0,
    78.8,
    78.4,
    81.0,
    79.6,
    78.6,
    83.6,
    82.2,
    82.8,
    84.8,
    85.0,
    85.0,
    86.6,
    86.2,
    88.2,
    90.4,
    89.8,
    86.0,
    88.8,
    93.2,
    90.0,
    91.2,
    90.2,
    91.4,
    94.2,
    90.8,
    91.8,
    92.8,
    94.6,
    91.8,
    92.2,
    90.2,
    90.2,
    93.0,
    92.8,
    92.2,
    93.8,
    93.8,
    91.6,
    93.2,
    93.8,
    90.8,
    96.4,
    95.6,
    95.0,
    93.8,
    93.6,
    96.2,
    93.8,
    97.2,
    94.0,
    94.2,
    92.8,
    95.0,
    94.8,
    96.6,
    95.0,
    95.6
  ],
  "val_accs": [
    14.166666666666666,
    22.5,
    27.5,
    29.166666666666668,
    36.666666666666664,
    30.0,
    30.833333333333332,
    30.833333333333332,
    42.5,
    37.5,
    35.0,
    37.5,
    35.833333333333336,
    37.5,
    35.0,
    40.0,
    35.0,
    32.5,
    32.5,
    40.0,
    31.666666666666668,
    38.333333333333336,
    37.5,
    40.833333333333336,
    31.666666666666668,
    36.666666666666664,
    37.5,
    37.5,
    38.333333333333336,
    39.166666666666664,
    42.5,
    41.666666666666664,
    35.0,
    40.0,
    35.0,
    35.0,
    37.5,
    40.833333333333336,
    36.666666666666664,
    39.166666666666664,
    40.0,
    37.5,
    37.5,
    39.166666666666664,
    35.833333333333336,
    43.333333333333336,
    39.166666666666664,
    40.833333333333336,
    37.5,
    41.666666666666664,
    35.833333333333336,
    38.333333333333336,
    40.0,
    41.666666666666664,
    39.166666666666664,
    37.5,
    40.833333333333336,
    35.0,
    33.333333333333336,
    37.5,
    40.833333333333336,
    34.166666666666664,
    30.0,
    39.166666666666664,
    37.5,
    42.5,
    35.0,
    33.333333333333336,
    40.833333333333336,
    43.333333333333336,
    41.666666666666664,
    45.833333333333336,
    39.166666666666664,
    40.833333333333336,
    35.0
  ],
  "best_val_acc": 45.833333333333336,
  "best_epoch": 71
}