{
  "model_name": "DualStreamPerFrame2D",
  "num_epochs": 75,
  "learning_rate": 0.001,
  "train_losses": [
    2.5517302524475824,
    2.3291012370397173,
    2.2771736288827564,
    2.2362292285949463,
    2.1907888631972057,
    2.157345065994868,
    2.110637064964052,
    2.0711740879785445,
    2.0292010099168807,
    1.89729642868042,
    1.7571071651246812,
    1.6093974501367598,
    1.6386581337641155,
    1.5566262328435505,
    1.4827953151294164,
    1.5366635407720293,
    1.304084927316696,
    1.2961367179477026,
    1.1814260407099648,
    1.0989525767545851,
    1.1899297965897455,
    1.0816707237372323,
    1.0200579928027258,
    0.9282632622690428,
    0.9633831164193531,
    0.9005006438209897,
    0.8623928846347899,
    1.143579853432519,
    0.9422384221402426,
    0.9045300094617738,
    0.8683886078615037,
    0.8919362286253582,
    0.7097251327737929,
    0.7495770187131943,
    0.6457680428311938,
    0.7854584562518294,
    0.6743476868030571,
    0.6597481738953364,
    0.6549460047353355,
    0.7983935529750491,
    0.6327516446037899,
    0.6581087056843061,
    0.5511137984678267,
    0.6202484736041654,
    0.5499025776655235,
    0.4369774264475656,
    0.5786486848715752,
    0.5210024114136421,
    0.5044083206190003,
    0.437002585185664,
    0.601004402434069,
    0.5408267102958191,
    0.4795859179963979,
    0.49952029197343756,
    0.39785352121624684,
    0.4110504476767447,
    0.6089256731941114,
    0.4182298348242757,
    0.6494329521683828,
    0.4533287751926273,
    0.5040679632904126,
    0.534328390914385,
    0.6470919012550324,
    0.4626718226123586,
    0.40536058022149113,
    0.36735715853426393,
    0.40263532195979407,
    0.3715544029828235,
    0.556504913747342,
    0.3246887153891582,
    0.49977961549394956,
    0.34743141128297245,
    0.3846436114467834,
    0.3726615491285783,
    0.3475626976421428
  ],
  "val_losses": [
    2.2904274781545,
    2.3081082661946613,
    2.335251553853353,
    2.460166080792745,
    2.296421233812968,
    2.238101347287496,
    3.6322490612665814,
    2.2332807461420696,
    2.423636523882548,
    2.168065667152405,
    2.0541005810101827,
    2.6373895168304444,
    1.9670084238052368,
    2.4850751638412474,
    1.8529524087905884,
    1.8910272677739461,
    1.985567150513331,
    1.7959546248118083,
    2.0081160426139832,
    1.8436875422795613,
    2.1423268636067707,
    3.350634813308716,
    2.2552490333716073,
    2.9776111682256063,
    2.0833633740743003,
    2.6345053275426227,
    2.266799332698186,
    2.2865110913912456,
    1.9892152726650238,
    2.0378334800402325,
    2.349359321594238,
    2.5580871461269754,
    2.521039617061615,
    2.37006162405014,
    2.3817997097969057,
    3.235238254070282,
    2.57266715268294,
    2.9116634249687197,
    2.2624252875645956,
    2.8522196809450784,
    3.09655930797259,
    2.6215107858181,
    2.7021364688873293,
    2.441066292921702,
    3.0719619025786717,
    3.790261256446441,
    2.5516672293345133,
    3.0112330436706545,
    3.4988160371780395,
    3.9747002204259236,
    2.679819377263387,
    2.8334210753440856,
    3.1890995502471924,
    2.8080739895502727,
    3.722107382615407,
    4.066950443107634,
    4.169874811172486,
    2.927681390444438,
    2.1623845855395,
    3.127223253250122,
    2.9584253907203673,
    3.2877928018569946,
    3.697041404247284,
    3.767524270216624,
    4.163282803694407,
    3.797844954331716,
    4.01538518667221,
    3.7972058201829593,
    4.243851490815481,
    3.2753921270370485,
    3.4244238833586373,
    3.4078418691953023,
    3.4373445312182107,
    3.8157703002293903,
    4.021591206391652
  ],
  "train_accs": [
    10.2,
    11.6,
    11.6,
    15.6,
    18.2,
    20.2,
    19.6,
    20.8,
    29.4,
    30.4,
    38.6,
    41.0,
    38.8,
    43.6,
    47.4,
    44.6,
    53.4,
    57.8,
    54.2,
    62.4,
    56.6,
    59.8,
    61.0,
    65.0,
    65.0,
    65.4,
    67.6,
    59.4,
    63.8,
    68.8,
    66.8,
    70.4,
    71.4,
    70.6,
    74.8,
    69.6,
    75.4,
    73.4,
    73.4,
    72.4,
    73.2,
    75.6,
    79.2,
    77.2,
    76.4,
    82.2,
    79.8,
    81.2,
    82.0,
    81.8,
    80.8,
    80.0,
    82.0,
    80.8,
    85.6,
    84.8,
    83.0,
    84.2,
    80.8,
    83.4,
    84.0,
    83.2,
    82.4,
    86.4,
    86.6,
    88.0,
    87.2,
    86.6,
    82.4,
    88.0,
    84.4,
    87.8,
    86.0,
    87.8,
    90.0
  ],
  "val_accs": [
    10.0,
    15.833333333333334,
    16.666666666666668,
    20.833333333333332,
    16.666666666666668,
    14.166666666666666,
    13.333333333333334,
    24.166666666666668,
    14.166666666666666,
    22.5,
    22.5,
    23.333333333333332,
    34.166666666666664,
    26.666666666666668,
    34.166666666666664,
    35.833333333333336,
    38.333333333333336,
    44.166666666666664,
    37.5,
    34.166666666666664,
    33.333333333333336,
    39.166666666666664,
    44.166666666666664,
    35.833333333333336,
    39.166666666666664,
    43.333333333333336,
    41.666666666666664,
    42.5,
    39.166666666666664,
    40.0,
    45.833333333333336,
    45.0,
    40.0,
    50.833333333333336,
    37.5,
    38.333333333333336,
    41.666666666666664,
    46.666666666666664,
    45.0,
    40.0,
    39.166666666666664,
    45.833333333333336,
    47.5,
    34.166666666666664,
    48.333333333333336,
    50.833333333333336,
    48.333333333333336,
    41.666666666666664,
    35.833333333333336,
    50.0,
    43.333333333333336,
    45.833333333333336,
    38.333333333333336,
    45.0,
    40.833333333333336,
    45.833333333333336,
    35.833333333333336,
    49.166666666666664,
    54.166666666666664,
    49.166666666666664,
    48.333333333333336,
    49.166666666666664,
    49.166666666666664,
    41.666666666666664,
    43.333333333333336,
    45.833333333333336,
    47.5,
    41.666666666666664,
    45.833333333333336,
    41.666666666666664,
    50.833333333333336,
    48.333333333333336,
    41.666666666666664,
    45.833333333333336,
    38.333333333333336
  ],
  "best_val_acc": 54.166666666666664,
  "best_epoch": 58
}