{
  "model_name": "EarlyFusion3D",
  "num_epochs": 75,
  "learning_rate": 0.001,
  "train_losses": [
    2.339840393217783,
    2.2874033791678294,
    2.1780916168576194,
    2.1348651855710954,
    2.0479160736477566,
    1.9934289001283192,
    1.9412825656315638,
    1.8937467260966225,
    1.8249114562594702,
    1.761449902776688,
    1.7589297729825217,
    1.6658317891378251,
    1.559677831710331,
    1.581316872248574,
    1.4546242252228752,
    1.5317535097636874,
    1.3816634946399264,
    1.481315795391325,
    1.4501322980911013,
    1.3001140006004819,
    1.256751835346222,
    1.2001380040532066,
    1.2731268259267958,
    1.0892825481437503,
    1.0059681373929221,
    0.9412363628073345,
    1.1038268937004938,
    1.0547128707643538,
    0.9150846359275636,
    0.869600039152872,
    0.9139749854803085,
    0.7286643064211286,
    0.7167666637235217,
    0.6806736361412775,
    0.779245938100512,
    0.8519692514387388,
    0.7270095970422502,
    0.5861195089325072,
    0.6286590266085806,
    0.6298277967032933,
    0.6038524779890265,
    0.5815259438185465,
    0.5737477834262545,
    0.6612495553221495,
    0.5050067370609631,
    0.42731117528109325,
    0.4504137123151431,
    0.4133082695068821,
    0.41161630468236077,
    0.4104029166379145,
    0.34074225473321146,
    0.3803737412192046,
    0.4087472279511747,
    0.4705525999149633,
    0.4873304705298136,
    0.28268869324690765,
    0.2083281780193959,
    0.359492379410695,
    0.29447921814899597,
    0.26668809954490924,
    0.3342261590749129,
    0.40714301102395567,
    0.2845600425258338,
    0.2850019531472335,
    0.2626091605495839,
    0.2617247800143169,
    0.23673308953746325,
    0.25829582881655483,
    0.3068052003500126,
    0.2579637853463831,
    0.29442152966715635,
    0.16646061126061434,
    0.16808641031162724,
    0.27683485300919514,
    0.2962270496775293
  ],
  "val_losses": [
    2.285029665629069,
    2.3532978773117064,
    2.2672150135040283,
    2.2591403245925905,
    2.5189369201660154,
    2.6330201625823975,
    2.1789023081461587,
    2.2953019698460895,
    2.1052682797114053,
    2.246874761581421,
    2.276684943834941,
    2.1584104458491007,
    2.4528925895690916,
    2.3618698438008625,
    2.159604477882385,
    2.6368336995442707,
    2.568317421277364,
    3.227175172170003,
    2.499103387196859,
    2.3942251920700075,
    3.23428342739741,
    3.1738457322120666,
    2.7382134596506753,
    2.731808241208394,
    4.173555572827657,
    3.4756606221199036,
    3.0376208543777468,
    2.8281592607498167,
    2.7505168676376344,
    4.490708573659261,
    3.1724681655565896,
    3.492388633886973,
    4.577233616511027,
    5.296567138036092,
    3.011341404914856,
    3.089847242832184,
    4.358111453056336,
    3.643631664911906,
    4.825289746125539,
    3.7353845020135243,
    3.865433438618978,
    5.653711891174316,
    4.726660943031311,
    2.938199353218079,
    3.6039215087890626,
    4.1965669870376585,
    3.6884368499120077,
    4.540926040212313,
    5.547438964620232,
    4.793897596995036,
    3.508174443244934,
    4.280662600199381,
    3.4083619435628254,
    4.362531359990438,
    3.3885738611221314,
    3.760297056039174,
    4.7919824600219725,
    4.974385023117065,
    3.939442503452301,
    4.329159367084503,
    4.832494552930196,
    4.510106082757314,
    3.4579471826553343,
    4.562634750207265,
    4.020703951517741,
    3.9359471162160236,
    5.467568143208822,
    4.875853879004717,
    3.8006718794504804,
    4.699322549502055,
    4.068527703483899,
    4.429298492272695,
    4.7963362514972685,
    6.28237255414327,
    4.531303461392721
  ],
  "train_accs": [
    10.0,
    13.4,
    18.8,
    19.8,
    22.4,
    25.2,
    30.8,
    30.4,
    33.4,
    35.4,
    36.0,
    36.8,
    42.2,
    40.2,
    44.4,
    45.8,
    49.0,
    46.2,
    49.4,
    51.2,
    54.6,
    56.2,
    54.8,
    62.4,
    64.8,
    67.4,
    59.2,
    61.4,
    68.6,
    71.2,
    70.2,
    74.6,
    75.0,
    77.2,
    74.4,
    72.2,
    74.8,
    80.2,
    80.8,
    78.8,
    81.6,
    83.2,
    81.8,
    79.6,
    83.0,
    86.0,
    87.4,
    86.8,
    87.2,
    86.4,
    89.8,
    88.6,
    87.0,
    85.8,
    83.2,
    92.0,
    94.8,
    89.8,
    92.0,
    91.2,
    91.4,
    88.2,
    92.0,
    92.2,
    94.2,
    91.0,
    92.0,
    92.2,
    91.0,
    92.8,
    90.6,
    94.4,
    95.0,
    91.4,
    92.8
  ],
  "val_accs": [
    16.666666666666668,
    12.5,
    18.333333333333332,
    20.833333333333332,
    24.166666666666668,
    11.666666666666666,
    15.0,
    27.5,
    27.5,
    20.833333333333332,
    21.666666666666668,
    21.666666666666668,
    19.166666666666668,
    20.0,
    24.166666666666668,
    25.0,
    23.333333333333332,
    20.833333333333332,
    24.166666666666668,
    19.166666666666668,
    30.833333333333332,
    30.0,
    26.666666666666668,
    28.333333333333332,
    19.166666666666668,
    20.0,
    29.166666666666668,
    20.833333333333332,
    29.166666666666668,
    27.5,
    28.333333333333332,
    18.333333333333332,
    20.833333333333332,
    15.833333333333334,
    20.0,
    28.333333333333332,
    21.666666666666668,
    32.5,
    25.833333333333332,
    24.166666666666668,
    25.833333333333332,
    17.5,
    20.0,
    35.0,
    34.166666666666664,
    28.333333333333332,
    30.833333333333332,
    24.166666666666668,
    21.666666666666668,
    21.666666666666668,
    30.833333333333332,
    27.5,
    30.833333333333332,
    15.833333333333334,
    24.166666666666668,
    24.166666666666668,
    26.666666666666668,
    14.166666666666666,
    27.5,
    28.333333333333332,
    24.166666666666668,
    26.666666666666668,
    28.333333333333332,
    21.666666666666668,
    32.5,
    27.5,
    18.333333333333332,
    35.833333333333336,
    25.833333333333332,
    23.333333333333332,
    28.333333333333332,
    28.333333333333332,
    25.0,
    17.5,
    24.166666666666668
  ],
  "best_val_acc": 35.833333333333336,
  "best_epoch": 67
}