{
  "model_name": "EarlyFusion2D",
  "num_epochs": 75,
  "learning_rate": 0.001,
  "train_losses": [
    2.737894016598898,
    2.195115433798896,
    2.1212447635711187,
    2.0237134846429976,
    2.0232380382598394,
    1.8722653351132832,
    1.782859378390842,
    1.726647658953591,
    1.685517084030878,
    1.549748350703527,
    1.4991178039520505,
    1.368462119783674,
    1.345906427455327,
    1.2285669881200034,
    1.1451444370406014,
    1.1057397524515789,
    0.9619980430792249,
    0.8993676899681016,
    0.7764265705195684,
    0.8557259540945764,
    0.8498934981605363,
    0.8299397152094614,
    0.7524217556393336,
    0.7645311071167863,
    0.6533624142822292,
    0.6192083444209799,
    0.5591415008086533,
    0.5658413238734716,
    0.5216343031516151,
    0.5624650047855482,
    0.601389944006408,
    0.7256882687409719,
    0.5631139478572305,
    0.5414410497815836,
    0.5300988837086137,
    0.4434066221177105,
    0.473178581918575,
    0.39581494170078446,
    0.4167538971403643,
    0.44420148798131515,
    0.44467537688361186,
    0.3064020284865465,
    0.43991635121878175,
    0.358189198291964,
    0.36809736330594334,
    0.4224038437417235,
    0.4080220898862795,
    0.33447587205511,
    0.3112215299366249,
    0.287521860748899,
    0.3101761883659665,
    0.2954466054955172,
    0.3311020624483746,
    0.37277778435132597,
    0.28419754891711774,
    0.18854480572248114,
    0.25913436219591873,
    0.2717908884025371,
    0.2639452585680706,
    0.2880715184959598,
    0.24166094922619533,
    0.25803013167913175,
    0.28078616844636095,
    0.3043709923480896,
    0.26823158488880994,
    0.22681662511633968,
    0.24508546263308426,
    0.2526409771775694,
    0.20047496416939087,
    0.37467769582779886,
    0.3170694639935853,
    0.25426012363390155,
    0.22454952539007378,
    0.2242384200771561,
    0.19807077922335353
  ],
  "val_losses": [
    2.2385507106781004,
    2.216556779543559,
    2.341095717748006,
    2.234392237663269,
    2.396685822804769,
    2.3204249779383344,
    2.418229560057322,
    2.314470092455546,
    2.4429345687230426,
    2.545868706703186,
    2.668997383117676,
    2.946773040294647,
    2.9342628717422485,
    2.86896227200826,
    3.5978920221328736,
    2.570197423299154,
    3.5038586179415385,
    3.4502635478973387,
    3.437960155804952,
    3.000589060783386,
    3.352710787455241,
    3.0056462128957113,
    3.3015008012453717,
    3.5018205483754477,
    3.287428625424703,
    3.6012997110684712,
    2.977285043398539,
    3.265043028195699,
    3.633281938234965,
    3.231551726659139,
    3.68233646551768,
    3.5775813102722167,
    3.383435297012329,
    3.6115179300308227,
    3.314211042722066,
    3.7966169913609824,
    3.841242249806722,
    3.729732370376587,
    3.2982699275016785,
    3.216876288255056,
    3.0467881679534914,
    3.9959582408269245,
    2.8231152256329852,
    3.4905247688293457,
    3.7924816687901814,
    3.7167482217152914,
    3.8843399365743,
    3.581732892990112,
    3.8228717406590778,
    3.5974406321843464,
    3.6266679525375367,
    3.625019367535909,
    3.8428637782732644,
    3.790101337432861,
    4.247534283002218,
    4.427973286310832,
    4.323000892003377,
    4.627957852681478,
    4.146859153111776,
    4.443752924601237,
    4.296653501192728,
    3.94596110979716,
    4.056074039141337,
    4.459416913986206,
    3.839896059036255,
    3.9207266012827557,
    4.743250513076783,
    3.66026615301768,
    4.215654691060384,
    3.4973291794459027,
    3.6339695851008096,
    3.7005842606226604,
    3.3734965165456137,
    3.8429569403330484,
    3.8644528071085613
  ],
  "train_accs": [
    11.6,
    19.2,
    22.8,
    27.2,
    26.0,
    33.4,
    36.8,
    39.0,
    41.0,
    43.6,
    44.6,
    47.0,
    53.0,
    56.6,
    58.8,
    60.4,
    64.2,
    68.2,
    74.8,
    69.0,
    69.8,
    70.4,
    74.8,
    72.6,
    75.0,
    78.2,
    80.8,
    79.4,
    80.2,
    80.0,
    80.2,
    74.2,
    81.8,
    82.0,
    81.8,
    84.8,
    82.8,
    84.8,
    84.8,
    86.0,
    84.6,
    88.2,
    85.0,
    86.2,
    85.6,
    83.0,
    86.4,
    90.4,
    89.8,
    89.6,
    88.4,
    90.4,
    88.2,
    86.4,
    90.8,
    93.2,
    90.4,
    91.4,
    90.6,
    90.0,
    90.8,
    91.0,
    91.2,
    91.2,
    90.2,
    91.6,
    91.4,
    92.2,
    92.8,
    88.6,
    88.4,
    91.4,
    91.8,
    92.4,
    92.8
  ],
  "val_accs": [
    26.666666666666668,
    19.166666666666668,
    16.666666666666668,
    20.0,
    25.0,
    19.166666666666668,
    26.666666666666668,
    25.0,
    25.0,
    18.333333333333332,
    27.5,
    17.5,
    25.0,
    27.5,
    28.333333333333332,
    27.5,
    20.833333333333332,
    20.833333333333332,
    20.0,
    23.333333333333332,
    24.166666666666668,
    22.5,
    26.666666666666668,
    19.166666666666668,
    21.666666666666668,
    25.833333333333332,
    18.333333333333332,
    25.833333333333332,
    23.333333333333332,
    20.0,
    19.166666666666668,
    22.5,
    24.166666666666668,
    26.666666666666668,
    26.666666666666668,
    28.333333333333332,
    20.833333333333332,
    25.0,
    30.0,
    29.166666666666668,
    25.0,
    23.333333333333332,
    21.666666666666668,
    25.0,
    29.166666666666668,
    25.833333333333332,
    33.333333333333336,
    26.666666666666668,
    23.333333333333332,
    24.166666666666668,
    21.666666666666668,
    25.833333333333332,
    30.833333333333332,
    22.5,
    24.166666666666668,
    20.833333333333332,
    28.333333333333332,
    20.0,
    21.666666666666668,
    27.5,
    21.666666666666668,
    25.0,
    25.0,
    22.5,
    26.666666666666668,
    28.333333333333332,
    21.666666666666668,
    28.333333333333332,
    22.5,
    25.0,
    24.166666666666668,
    24.166666666666668,
    25.0,
    18.333333333333332,
    25.0
  ],
  "best_val_acc": 33.333333333333336,
  "best_epoch": 46
}