{
  "model_name": "LateFusion3D",
  "num_epochs": 75,
  "learning_rate": 0.001,
  "train_losses": [
    2.2962345017327204,
    2.1813645476386663,
    2.111195023097689,
    1.995885315395537,
    1.9058774350181458,
    1.7987796446633717,
    1.7241407046242365,
    1.6388993433543615,
    1.6619137847234333,
    1.53982836197293,
    1.3604389419631353,
    1.438052371380821,
    1.1438178079468864,
    1.2540278974033536,
    1.1238923157964433,
    1.0304857482985845,
    1.0215756079507252,
    0.8598596798995185,
    0.8002656026492043,
    0.8374029516227661,
    0.7970272759123455,
    0.7290768249640389,
    0.6585222466124429,
    0.6076203228698837,
    0.5308676362037659,
    0.6805621502654893,
    0.48110818307078074,
    0.6004879631929927,
    0.594180679392247,
    0.4364061601282585,
    0.4096706410692561,
    0.34994179894408534,
    0.44431702405332574,
    0.46830946094696485,
    0.27594860170095686,
    0.34406776303454994,
    0.39676237910512896,
    0.3695838030072905,
    0.3915732548764301,
    0.33448511648864027,
    0.2592591494469652,
    0.2966929441170087,
    0.28391131952345844,
    0.2135106689104485,
    0.19959026154884624,
    0.24583299139455433,
    0.2114693838021984,
    0.21151541474659646,
    0.22127274730213223,
    0.15082195189981057,
    0.1955431542739952,
    0.14954253431919606,
    0.38679945872752886,
    0.1708586393145933,
    0.14900429081541325,
    0.07523074152783328,
    0.19860341886819768,
    0.1865211073230649,
    0.10633582759085887,
    0.08895073015261755,
    0.1130464088889153,
    0.120301041845879,
    0.16043399919114548,
    0.17686210698928564,
    0.10337843805274811,
    0.11496558928463076,
    0.13317316001196142,
    0.17154336811238732,
    0.145459873511249,
    0.20421442672765502,
    0.15929703756664243,
    0.07365309470102176,
    0.19864453247929406,
    0.2187688632106911,
    0.08226993592388536
  ],
  "val_losses": [
    2.4419633865356447,
    2.8296003341674805,
    2.2998520294825235,
    2.2477248032887776,
    2.5446765462557477,
    2.5462170124053953,
    2.3775632699330647,
    2.3852487881978353,
    2.225354250272115,
    2.3866955439249673,
    2.6559685945510862,
    2.3193339506785073,
    2.422194465001424,
    3.5918774604797363,
    2.8255669911702475,
    3.5975605805714923,
    2.8120800733566282,
    3.254991336663564,
    3.175451310475667,
    3.1234788497289023,
    3.787611786524455,
    4.293473329146703,
    4.214744647343953,
    3.718786334991455,
    3.359313146273295,
    3.9663753112157187,
    3.9283334096272786,
    3.184375051657359,
    3.61326851050059,
    3.464345399538676,
    4.090503708521525,
    4.254514614741008,
    4.645745325088501,
    3.5806986331939696,
    4.094964679082235,
    3.73281892935435,
    4.533125487963359,
    4.053408706188202,
    3.58005633354187,
    4.270613304773966,
    4.75270148118337,
    4.1942513624827065,
    4.616630665461222,
    4.304938578605652,
    5.170596186319987,
    4.359909669558207,
    4.313322933514913,
    4.36275376478831,
    4.016970845063527,
    4.305310352643331,
    4.038603472709656,
    4.4915433088938395,
    4.885741742451986,
    3.992746273676554,
    4.462234950065612,
    5.412560780843099,
    4.8339896996816,
    4.67204655011495,
    4.39289679924647,
    5.489036162694295,
    4.901192077000936,
    5.307310708363851,
    3.7407952388127645,
    5.0503068447113035,
    4.520111785332362,
    5.073674559593201,
    3.9658957958221435,
    5.232081079483033,
    4.369142532348633,
    4.2545687834421795,
    4.94040846824646,
    5.592142264048259,
    5.077872323989868,
    5.243479712804159,
    4.308435654640197
  ],
  "train_accs": [
    11.0,
    18.0,
    25.4,
    26.8,
    33.8,
    34.0,
    37.0,
    39.4,
    39.8,
    43.2,
    52.6,
    50.0,
    58.0,
    55.2,
    58.8,
    64.2,
    63.8,
    71.8,
    70.6,
    71.6,
    71.4,
    73.8,
    78.6,
    77.6,
    81.6,
    78.2,
    84.0,
    79.0,
    80.2,
    86.4,
    86.0,
    87.4,
    86.2,
    85.4,
    91.2,
    88.6,
    86.6,
    88.6,
    87.6,
    89.4,
    92.6,
    89.4,
    89.6,
    94.4,
    93.8,
    91.6,
    94.4,
    92.4,
    93.6,
    94.4,
    93.0,
    94.8,
    88.4,
    94.4,
    94.8,
    98.0,
    94.4,
    95.4,
    96.2,
    96.6,
    96.6,
    96.6,
    94.6,
    95.4,
    97.0,
    97.0,
    96.2,
    94.8,
    96.2,
    95.4,
    95.8,
    97.2,
    94.2,
    93.8,
    97.8
  ],
  "val_accs": [
    8.333333333333334,
    5.833333333333333,
    15.0,
    15.833333333333334,
    11.666666666666666,
    11.666666666666666,
    19.166666666666668,
    19.166666666666668,
    20.0,
    24.166666666666668,
    14.166666666666666,
    22.5,
    24.166666666666668,
    18.333333333333332,
    19.166666666666668,
    34.166666666666664,
    26.666666666666668,
    22.5,
    16.666666666666668,
    26.666666666666668,
    18.333333333333332,
    17.5,
    15.833333333333334,
    27.5,
    25.833333333333332,
    13.333333333333334,
    27.5,
    25.833333333333332,
    27.5,
    24.166666666666668,
    19.166666666666668,
    25.833333333333332,
    15.0,
    23.333333333333332,
    21.666666666666668,
    25.833333333333332,
    24.166666666666668,
    24.166666666666668,
    24.166666666666668,
    20.0,
    22.5,
    25.0,
    20.0,
    20.833333333333332,
    22.5,
    25.0,
    23.333333333333332,
    27.5,
    34.166666666666664,
    26.666666666666668,
    27.5,
    20.833333333333332,
    21.666666666666668,
    29.166666666666668,
    23.333333333333332,
    26.666666666666668,
    20.833333333333332,
    24.166666666666668,
    25.833333333333332,
    15.833333333333334,
    30.833333333333332,
    21.666666666666668,
    25.0,
    24.166666666666668,
    25.0,
    21.666666666666668,
    27.5,
    22.5,
    25.833333333333332,
    19.166666666666668,
    25.833333333333332,
    24.166666666666668,
    18.333333333333332,
    15.833333333333334,
    25.0
  ],
  "best_val_acc": 34.166666666666664,
  "best_epoch": 15
}