{
  "model_name": "LateFusion2D",
  "num_epochs": 75,
  "learning_rate": 0.001,
  "train_losses": [
    2.276486222706144,
    1.78943037229871,
    1.3822535342640347,
    0.9717928970616961,
    0.7936993738015493,
    0.5542736298271588,
    0.4266210727223624,
    0.2860469158502325,
    0.24313148397893186,
    0.2839446109941318,
    0.15614635113715417,
    0.07409204190803899,
    0.1377615395673303,
    0.1918327049684844,
    0.11294127264825095,
    0.09126443193489982,
    0.11065588358501878,
    0.14781691280834836,
    0.03449797511463643,
    0.027279186229919553,
    0.04034551197551154,
    0.047097486506644935,
    0.05282502641553976,
    0.2090759647923285,
    0.3810568308635127,
    0.19351559051770775,
    0.13672763383152733,
    0.05323361328272666,
    0.08199990809606832,
    0.026377174209633338,
    0.00860079768943482,
    0.010891395381241594,
    0.010029426604505138,
    0.014367481726511623,
    0.009658702094142543,
    0.0024659632546867477,
    0.005465776275898514,
    0.009307342942231607,
    0.040123199851338526,
    0.058026239508315425,
    0.022709026685947358,
    0.1374337161902827,
    0.08444397203961021,
    0.09643035513126672,
    0.13715078320415663,
    0.15073280497987676,
    0.1107076160722153,
    0.12337537708261816,
    0.04818428963176663,
    0.044144058788737714,
    0.021685346310790457,
    0.022258939028331173,
    0.015650567978652708,
    0.006806281657277612,
    0.06228218587688071,
    0.04315713023471099,
    0.09060327271937413,
    0.039613801480170095,
    0.007257717247465201,
    0.0021821716266513156,
    0.0028485877706618426,
    0.0030126422491201584,
    0.011644688125071937,
    0.00420444982833945,
    0.024868663600501766,
    0.027318805533597574,
    0.08497163407228361,
    0.045366427293744876,
    0.05010330752192621,
    0.071019032215871,
    0.18565277233759092,
    0.05298007644013964,
    0.06271032067264236,
    0.02776771252260741,
    0.022515249548726083
  ],
  "val_losses": [
    3.1322458148002625,
    3.002493484814962,
    3.1869206468264264,
    4.55572034517924,
    4.198564149936041,
    4.856931712230047,
    4.871851821740468,
    4.920223595698674,
    5.303845473130544,
    4.862279271086057,
    5.6175793528556826,
    5.676880797247092,
    6.890661462148031,
    6.238547561566035,
    6.244907738765081,
    6.953148323794206,
    5.824280085166295,
    6.687071216106415,
    6.482674473151564,
    7.731269720196724,
    6.367720454434553,
    6.504953791449467,
    8.32471246222655,
    6.375458228588104,
    5.996079119046529,
    5.5636856511235235,
    4.798739763597648,
    4.8905225972334545,
    4.779237843553225,
    5.335971268018087,
    5.815464958548546,
    5.710592413693666,
    6.125193779667218,
    5.8653914044300715,
    6.7236189921696985,
    6.851859530806541,
    6.6193593313296635,
    5.614739805211624,
    5.9974475065867106,
    6.69397064447403,
    6.388993994394938,
    6.604588715235392,
    6.788425227006276,
    6.907644585768382,
    7.128256495793661,
    6.469892342885335,
    7.341414244969686,
    7.166316572825114,
    6.49017182191213,
    6.663347681363423,
    7.018934813141823,
    7.635915392637253,
    7.407372450828552,
    7.531542003154755,
    8.106639536221822,
    9.839623832702637,
    8.876596895853679,
    7.612363328536351,
    7.079025556643804,
    7.273822415868441,
    7.923321209351221,
    7.209894841909408,
    8.29420812924703,
    8.581298438707988,
    8.301760562260945,
    7.7169211925938725,
    7.684069712956746,
    7.240075167020162,
    7.545956252763669,
    7.220014464855194,
    6.340310281515121,
    5.984061310937007,
    5.927360796928406,
    5.608104464411736,
    7.208015397116833
  ],
  "train_accs": [
    20.8,
    37.2,
    49.6,
    65.2,
    74.8,
    83.0,
    84.8,
    89.8,
    92.8,
    91.2,
    95.4,
    97.8,
    94.8,
    94.8,
    97.0,
    96.6,
    96.4,
    96.8,
    98.8,
    99.4,
    98.6,
    99.4,
    98.2,
    95.2,
    90.8,
    93.6,
    97.2,
    98.2,
    97.6,
    99.2,
    99.6,
    99.8,
    99.8,
    99.6,
    99.8,
    100.0,
    99.8,
    99.6,
    98.8,
    98.0,
    99.2,
    96.6,
    97.4,
    98.2,
    96.2,
    96.8,
    96.0,
    96.6,
    98.2,
    99.2,
    99.4,
    99.4,
    99.4,
    99.6,
    97.4,
    98.0,
    98.2,
    99.0,
    99.8,
    100.0,
    100.0,
    100.0,
    99.6,
    99.8,
    99.4,
    99.0,
    97.2,
    98.6,
    99.2,
    98.6,
    94.4,
    98.2,
    99.0,
    99.2,
    99.2
  ],
  "val_accs": [
    20.0,
    23.333333333333332,
    15.833333333333334,
    22.5,
    14.166666666666666,
    18.333333333333332,
    25.833333333333332,
    26.666666666666668,
    19.166666666666668,
    30.0,
    20.0,
    26.666666666666668,
    15.833333333333334,
    20.833333333333332,
    27.5,
    27.5,
    24.166666666666668,
    22.5,
    28.333333333333332,
    20.0,
    21.666666666666668,
    25.833333333333332,
    26.666666666666668,
    22.5,
    17.5,
    23.333333333333332,
    30.833333333333332,
    29.166666666666668,
    25.0,
    25.833333333333332,
    24.166666666666668,
    25.833333333333332,
    30.833333333333332,
    26.666666666666668,
    25.833333333333332,
    26.666666666666668,
    23.333333333333332,
    25.833333333333332,
    22.5,
    25.0,
    27.5,
    22.5,
    30.833333333333332,
    20.0,
    20.0,
    26.666666666666668,
    25.833333333333332,
    16.666666666666668,
    29.166666666666668,
    19.166666666666668,
    24.166666666666668,
    25.0,
    22.5,
    21.666666666666668,
    19.166666666666668,
    22.5,
    24.166666666666668,
    24.166666666666668,
    21.666666666666668,
    22.5,
    22.5,
    22.5,
    22.5,
    24.166666666666668,
    21.666666666666668,
    26.666666666666668,
    22.5,
    29.166666666666668,
    20.0,
    22.5,
    27.5,
    26.666666666666668,
    26.666666666666668,
    25.0,
    26.666666666666668
  ],
  "best_val_acc": 30.833333333333332,
  "best_epoch": 26
}