{
  "model_name": "PerFrame3D",
  "num_epochs": 75,
  "learning_rate": 0.001,
  "train_losses": [
    2.3317117842416915,
    2.275821640377953,
    2.2681782699766613,
    2.2171444987493847,
    2.180202187053741,
    2.1288123584928966,
    2.1187179239969405,
    2.094454538254511,
    2.0218858945937384,
    1.9961725265260726,
    1.960520517258417,
    1.9712664494438776,
    1.986976462697226,
    1.8603239513578869,
    1.8175819790552532,
    1.8324719989110554,
    1.7629356630264768,
    1.740697047067067,
    1.7238064531296018,
    1.6685193644629583,
    1.6074305242962308,
    1.682544467941163,
    1.5530180704025995,
    1.443961897539714,
    1.5926611953311496,
    1.4355796689078921,
    1.5064522132040963,
    1.3591773216686551,
    1.4568658622484358,
    1.316633715516045,
    1.3806756536165874,
    1.2844605436400762,
    1.299141664353628,
    1.225679251882765,
    1.2702786742694794,
    1.1912376521125672,
    1.0850011365754264,
    1.2398637916360582,
    1.129332753400954,
    1.062918629438158,
    1.1429161703775799,
    1.1030608117580414,
    0.9831564104746259,
    0.9364371257168906,
    1.0871562040041363,
    1.0525772330306826,
    0.919511926552606,
    0.8357472547463008,
    0.8558002890102447,
    0.8728502544145735,
    0.8159910109308031,
    0.8603145212881149,
    0.836287879991153,
    0.8013781966671111,
    0.8001826507231545,
    0.789015476902326,
    0.7035792127015099,
    0.7142287221929383,
    0.5941325459215376,
    0.5132890963365161,
    0.5877516004774306,
    0.7013607928677211,
    0.706563531997658,
    0.6555670594412183,
    0.5831334861734557,
    0.631816154198041,
    0.5835672118922784,
    0.592002909926195,
    0.5220074048709302,
    0.5754405064951806,
    0.5075031818733329,
    0.5083444962307574,
    0.5249771488209566,
    0.45018878254285527,
    0.5127951859659146
  ],
  "val_losses": [
    2.2860803763071695,
    2.2782245874404907,
    2.2602522134780885,
    2.156481170654297,
    2.1384185632069905,
    2.161304783821106,
    2.293858830134074,
    2.064700158437093,
    2.094923249880473,
    2.1903748671213785,
    2.199710814158122,
    2.158475065231323,
    2.22356751759847,
    2.0407726844151814,
    2.139737097422282,
    2.4885297218958535,
    2.1818605422973634,
    2.3134053389231366,
    2.3251362800598145,
    2.584950852394104,
    2.3245357354482015,
    2.46828822294871,
    2.4985912720362347,
    2.734485411643982,
    2.5677764733632404,
    2.966562056541443,
    2.821053989728292,
    2.9028606255849203,
    2.2796505908171336,
    3.116368595759074,
    3.283142876625061,
    2.7580211917559305,
    2.5991634130477905,
    3.275564980506897,
    2.5713139454523724,
    3.048827362060547,
    3.134447439511617,
    3.506043863296509,
    3.0642748991648356,
    3.1907482544581094,
    2.947846074899038,
    3.18200630346934,
    4.85623732805252,
    3.81510059038798,
    3.5142458359400432,
    2.6052483240763347,
    2.897114094098409,
    3.583488122622172,
    3.345632183551788,
    3.4146836121877033,
    3.3016990025838218,
    3.449591358502706,
    3.0421703577041628,
    3.5795506874720258,
    3.13499858379364,
    3.352337431907654,
    3.9289931456247964,
    3.8825958649317425,
    4.085545182228088,
    4.09501055876414,
    3.6236390193303425,
    3.879845873514811,
    4.587479503949483,
    4.658755209048589,
    3.741584300994873,
    4.036211967468262,
    4.131728299458822,
    3.4126517295837404,
    4.641600012779236,
    3.420524517695109,
    4.320831068356832,
    3.872152630488078,
    3.580900955200195,
    4.000499629974366,
    4.513086223602295
  ],
  "train_accs": [
    10.4,
    11.2,
    14.4,
    16.2,
    16.4,
    20.0,
    21.4,
    19.4,
    22.4,
    24.2,
    25.2,
    27.4,
    26.6,
    28.8,
    31.4,
    28.6,
    32.8,
    32.6,
    31.0,
    33.6,
    37.8,
    30.8,
    37.6,
    41.4,
    35.4,
    44.6,
    39.0,
    43.0,
    45.4,
    48.0,
    48.4,
    49.2,
    49.0,
    50.2,
    50.8,
    52.4,
    56.4,
    51.4,
    58.0,
    58.8,
    57.4,
    56.0,
    58.8,
    64.2,
    58.8,
    61.8,
    63.6,
    63.8,
    68.4,
    67.2,
    69.0,
    67.6,
    67.6,
    70.4,
    72.0,
    71.8,
    75.8,
    75.6,
    80.2,
    83.4,
    80.4,
    77.0,
    77.6,
    77.8,
    81.4,
    79.2,
    82.4,
    79.0,
    83.0,
    82.2,
    83.0,
    84.2,
    81.6,
    85.2,
    83.0
  ],
  "val_accs": [
    18.333333333333332,
    15.833333333333334,
    14.166666666666666,
    16.666666666666668,
    17.5,
    16.666666666666668,
    15.833333333333334,
    18.333333333333332,
    18.333333333333332,
    15.0,
    21.666666666666668,
    18.333333333333332,
    24.166666666666668,
    19.166666666666668,
    21.666666666666668,
    15.833333333333334,
    25.833333333333332,
    17.5,
    20.0,
    19.166666666666668,
    14.166666666666666,
    22.5,
    17.5,
    10.833333333333334,
    17.5,
    23.333333333333332,
    19.166666666666668,
    11.666666666666666,
    19.166666666666668,
    20.0,
    14.166666666666666,
    20.0,
    20.833333333333332,
    12.5,
    17.5,
    19.166666666666668,
    20.0,
    7.5,
    14.166666666666666,
    23.333333333333332,
    20.833333333333332,
    19.166666666666668,
    16.666666666666668,
    20.0,
    15.0,
    10.833333333333334,
    27.5,
    22.5,
    12.5,
    21.666666666666668,
    17.5,
    26.666666666666668,
    19.166666666666668,
    20.833333333333332,
    27.5,
    14.166666666666666,
    19.166666666666668,
    20.833333333333332,
    15.833333333333334,
    20.0,
    26.666666666666668,
    17.5,
    15.833333333333334,
    23.333333333333332,
    20.0,
    20.833333333333332,
    31.666666666666668,
    17.5,
    19.166666666666668,
    19.166666666666668,
    12.5,
    18.333333333333332,
    22.5,
    12.5,
    22.5
  ],
  "best_val_acc": 31.666666666666668,
  "best_epoch": 66
}