{
  "model_name": "PerFrame2D",
  "num_epochs": 75,
  "learning_rate": 0.001,
  "train_losses": [
    2.5408051997896224,
    2.3208633945101784,
    2.2298649057509405,
    2.173509821059212,
    2.1607298851013184,
    2.0236974178798617,
    1.9982458674718464,
    1.9340162996261838,
    1.8162467063419403,
    1.7420444337148515,
    1.6811450795521812,
    1.64249568042301,
    1.5033181479998998,
    1.3553318932415948,
    1.4767067754079426,
    1.3783844368798392,
    1.3246495387856922,
    1.1465544622568857,
    1.2423302643592395,
    1.1526894384906405,
    1.080790640815856,
    1.2085658389306257,
    1.182207888554013,
    1.1466770858636923,
    0.9776888828990715,
    1.0183869601996054,
    1.0145193343716008,
    0.9039508955819267,
    0.8980330470062438,
    0.9721396092384581,
    0.9083875845822077,
    0.8782111759933214,
    0.8270757022121596,
    0.8606398150561347,
    0.7618747024141143,
    0.9210445322687664,
    0.8806793850565714,
    0.9664236529478951,
    0.940137354361396,
    0.7829882977973848,
    0.7878120023875482,
    0.8315905958177552,
    0.8120886870319881,
    0.814821892314487,
    0.7660049692624145,
    0.6965208871970101,
    0.8171920341749986,
    0.8088170562589926,
    0.7178819101481211,
    0.7765431797930172,
    0.717893455827993,
    0.6827248731657626,
    0.6625279398701552,
    0.6603840331155215,
    0.6878933459446426,
    0.6525140329012795,
    0.7272758721595719,
    0.7943238909910655,
    0.7045887862701737,
    0.7379109861827197,
    0.8075303430595095,
    0.7308540396421911,
    0.7198588619080727,
    0.5938281111330503,
    0.6870512678805325,
    0.6536104196150389,
    0.6834538009411301,
    0.7511587467355033,
    0.6426866422277979,
    0.5944668455132549,
    0.6180974540776722,
    0.561218238268916,
    0.7207980762865941,
    0.6896902158678997,
    0.6070824206274535
  ],
  "val_losses": [
    2.3193514664967854,
    2.333924643198649,
    2.3632940928141277,
    2.447281304995219,
    2.453400659561157,
    2.353416577974955,
    2.7394813537597655,
    2.8878477017084756,
    2.39151832262675,
    2.8976295789082847,
    2.444511858622233,
    2.940129812558492,
    3.2544177532196046,
    3.1397252241770426,
    2.9136683384577435,
    2.6864511330922443,
    3.1159656922022503,
    3.400176723798116,
    3.4055814107259113,
    3.28113698164622,
    3.1778820753097534,
    3.328190581003825,
    3.3832337538401287,
    3.305008765061696,
    3.5229310075441997,
    3.3663668791453043,
    3.2651187896728517,
    3.9605309406916303,
    3.419351863861084,
    3.2235289494196575,
    3.7564977407455444,
    3.244202248255412,
    3.1740041653315227,
    3.5007495721181234,
    4.348524864514669,
    4.111908892790477,
    4.211951057116191,
    4.193006642659506,
    3.7818866332372028,
    3.944377589225769,
    3.6540823936462403,
    3.579670294125875,
    4.628251324097316,
    3.779393927256266,
    3.845643965403239,
    4.190922570228577,
    3.6659553090731305,
    3.4545881668726603,
    3.422608319918315,
    3.9537566184997557,
    4.0604474703470865,
    4.618324267864227,
    4.629688660303752,
    3.5243280013402303,
    3.9622969230016074,
    3.89170526266098,
    3.538266173998515,
    3.6519009192784626,
    3.6748908678690593,
    3.6164435942967734,
    4.428560781478882,
    4.197161523501078,
    3.695294956366221,
    3.7433246890703837,
    4.739495674769084,
    4.058154960473378,
    3.4625150124231974,
    4.010075585047404,
    4.883237465222677,
    3.7887500047683718,
    3.5661471605300905,
    3.9507071634133655,
    3.780657927195231,
    3.681216522057851,
    4.228872915108998
  ],
  "train_accs": [
    9.8,
    13.4,
    14.8,
    19.4,
    19.6,
    27.0,
    27.4,
    29.8,
    32.0,
    37.0,
    42.4,
    41.8,
    44.4,
    51.2,
    47.6,
    51.8,
    51.6,
    59.2,
    57.0,
    59.0,
    61.4,
    59.8,
    57.6,
    60.0,
    64.8,
    63.0,
    66.8,
    68.0,
    67.0,
    66.8,
    69.8,
    70.2,
    70.0,
    70.0,
    72.2,
    66.8,
    69.4,
    68.0,
    64.0,
    73.6,
    72.2,
    71.4,
    69.6,
    71.6,
    74.0,
    74.6,
    70.4,
    71.2,
    72.2,
    73.4,
    76.0,
    75.8,
    77.2,
    76.6,
    74.2,
    77.2,
    75.0,
    73.4,
    76.6,
    75.2,
    71.2,
    75.2,
    74.2,
    78.4,
    73.8,
    78.2,
    76.2,
    74.6,
    76.6,
    79.6,
    77.6,
    78.6,
    74.6,
    75.0,
    78.0
  ],
  "val_accs": [
    10.833333333333334,
    14.166666666666666,
    12.5,
    10.833333333333334,
    12.5,
    10.0,
    13.333333333333334,
    14.166666666666666,
    20.0,
    25.0,
    20.833333333333332,
    16.666666666666668,
    12.5,
    15.0,
    20.833333333333332,
    22.5,
    24.166666666666668,
    19.166666666666668,
    17.5,
    22.5,
    20.0,
    19.166666666666668,
    21.666666666666668,
    15.833333333333334,
    25.833333333333332,
    22.5,
    24.166666666666668,
    24.166666666666668,
    23.333333333333332,
    25.833333333333332,
    19.166666666666668,
    23.333333333333332,
    22.5,
    21.666666666666668,
    21.666666666666668,
    27.5,
    22.5,
    13.333333333333334,
    24.166666666666668,
    22.5,
    22.5,
    25.833333333333332,
    25.0,
    25.833333333333332,
    25.0,
    23.333333333333332,
    24.166666666666668,
    21.666666666666668,
    28.333333333333332,
    21.666666666666668,
    19.166666666666668,
    21.666666666666668,
    20.0,
    23.333333333333332,
    20.0,
    22.5,
    25.833333333333332,
    25.833333333333332,
    28.333333333333332,
    20.833333333333332,
    20.0,
    24.166666666666668,
    22.5,
    26.666666666666668,
    25.0,
    30.833333333333332,
    27.5,
    20.833333333333332,
    26.666666666666668,
    20.0,
    22.5,
    22.5,
    22.5,
    25.833333333333332,
    22.5
  ],
  "best_val_acc": 30.833333333333332,
  "best_epoch": 65
}