{
  "PerFrame2D": {
    "accuracy": 34.166666666666664,
    "loss": 3.1342513859272003
  },
  "LateFusion2D": {
    "accuracy": 27.5,
    "loss": 5.197161138057709
  },
  "EarlyFusion2D": {
    "accuracy": 19.166666666666668,
    "loss": 3.447705030441284
  },
  "PerFrame3D": {
    "accuracy": 18.333333333333332,
    "loss": 2.398066759109497
  },
  "LateFusion3D": {
    "accuracy": 26.666666666666668,
    "loss": 2.462556153535843
  },
  "EarlyFusion3D": {
    "accuracy": 30.833333333333332,
    "loss": 3.721377193927765
  }
}