{
  "PerFrame2D": {
    "accuracy": 34.166666666666664,
    "loss": 3.1342506110668182
  },
  "LateFusion2D": {
    "accuracy": 27.5,
    "loss": 5.197160482406616
  },
  "EarlyFusion2D": {
    "accuracy": 19.166666666666668,
    "loss": 3.447705090045929
  },
  "PerFrame3D": {
    "accuracy": 18.333333333333332,
    "loss": 2.398066997528076
  },
  "LateFusion3D": {
    "accuracy": 26.666666666666668,
    "loss": 2.4625560343265533
  },
  "EarlyFusion3D": {
    "accuracy": 30.833333333333332,
    "loss": 3.7213772237300873
  }
}