{
  "model_name": "EarlyFusion2D",
  "num_epochs": 75,
  "learning_rate": 0.001,
  "train_losses": [
    2.6713339676932684,
    2.299865974320306,
    2.210925155215793,
    2.132549933024815,
    2.1273782045122176,
    2.0280922972966753,
    2.0214986422705272,
    1.9341005484263103,
    1.8973948652782138,
    1.8349739786178347,
    1.7361752967985848,
    1.7734327202751523,
    1.6270117986769903,
    1.5603584457957556,
    1.5769336337134952,
    1.4442523888179235,
    1.4138161057517642,
    1.4270822982939462,
    1.3131930146898543,
    1.2963913537207103,
    1.2337078892049336,
    1.1994363977795555,
    1.1457183957099915,
    1.1201457925259122,
    1.01709198052921,
    1.101925801190119,
    0.9082461697241616,
    0.9557277787299383,
    0.9994917436251565,
    0.8779763506045417,
    0.8313372070117603,
    0.8774294329304544,
    0.7591212118665377,
    0.8258567752819213,
    0.8094273072386545,
    0.7511046902527885,
    0.7845037115944756,
    0.706295942858098,
    0.7682393984425635,
    0.7591027607993474,
    0.6577996916122852,
    0.6384567252049843,
    0.6766123809511699,
    0.5992140398020782,
    0.564285065328318,
    0.5042162499065319,
    0.5032986792780104,
    0.5312985982450228,
    0.5821202809641522,
    0.5550092792670641,
    0.44243763316245305,
    0.5621115051446453,
    0.421210104895253,
    0.5391984017831939,
    0.5001582024057233,
    0.5165120595326972,
    0.45237655086176737,
    0.4543402900370503,
    0.48006852580204845,
    0.4413465494437823,
    0.4815172936678642,
    0.49415336544847205,
    0.4560694710941919,
    0.454945893366895,
    0.4185817526091659,
    0.3948409138182696,
    0.32957778705398566,
    0.3670400347013677,
    0.3958099255604403,
    0.34679406544929076,
    0.3206113441403778,
    0.3629005732059124,
    0.35424514880241265,
    0.3014060218508045,
    0.27098915938820156
  ],
  "val_losses": [
    2.26098682085673,
    2.2380035718282065,
    2.1773468653361,
    2.2264260212580362,
    2.232652123769124,
    2.07343115011851,
    1.9752330938975016,
    1.978227972984314,
    1.951424519220988,
    1.9163795590400696,
    1.9768199761708578,
    1.8428227345148722,
    1.7450102011362711,
    1.8292660236358642,
    1.7085210005442302,
    1.7283368945121764,
    1.7746384501457215,
    1.6296552419662476,
    1.5217581947644552,
    1.5739303747812907,
    1.588187563419342,
    1.4996973355611165,
    1.3322969218095144,
    1.539055867989858,
    1.394364341100057,
    1.333719301223755,
    1.3069182872772216,
    1.3903058568636577,
    1.4478237519661585,
    1.4521681805451712,
    1.2478285670280456,
    1.4652159253756205,
    1.3280474851528803,
    1.243510432044665,
    1.1659303878744443,
    1.2887283364931743,
    1.2062518383065859,
    1.091108724474907,
    1.2591599067052206,
    1.0799375136693319,
    1.034783391157786,
    1.0201781255503495,
    1.183678106466929,
    1.2909341062108675,
    1.159692003329595,
    1.326414647201697,
    1.4462633679310481,
    1.1791086594263713,
    1.0817125727732977,
    0.8891095072031021,
    1.0159454812606177,
    1.0737090066075325,
    0.9019472395380338,
    1.0962134857972463,
    1.0505462375779946,
    1.042819100494186,
    0.9574966463260353,
    0.9195152835610012,
    1.1227024391293525,
    1.109082865715027,
    1.1156636534879605,
    0.9129128290961186,
    0.9984534176066517,
    0.8503101249535878,
    0.9433507995835195,
    0.9187032225852211,
    1.30092594952633,
    1.0297558495774866,
    1.2201837881778677,
    1.0960135630176713,
    0.9543529707317551,
    0.8427499372822543,
    1.1067599922108153,
    0.9752799042966217,
    1.0900300988617042
  ],
  "train_accs": [
    12.2,
    12.8,
    16.6,
    21.4,
    20.2,
    27.2,
    27.2,
    32.6,
    29.2,
    32.4,
    39.6,
    36.6,
    40.4,
    40.8,
    42.6,
    46.4,
    44.4,
    47.6,
    52.0,
    54.6,
    55.2,
    57.2,
    58.4,
    59.4,
    64.0,
    60.6,
    67.2,
    65.4,
    62.8,
    69.0,
    70.0,
    68.6,
    74.4,
    70.6,
    71.8,
    73.8,
    74.6,
    75.2,
    75.6,
    72.6,
    75.6,
    74.6,
    76.8,
    79.8,
    79.2,
    79.8,
    81.8,
    79.0,
    78.6,
    79.4,
    83.2,
    78.6,
    84.6,
    80.0,
    82.2,
    81.0,
    83.0,
    84.0,
    86.0,
    83.2,
    81.4,
    82.8,
    84.0,
    85.2,
    84.8,
    86.0,
    87.8,
    86.6,
    86.4,
    87.2,
    86.4,
    86.0,
    87.4,
    89.4,
    89.8
  ],
  "val_accs": [
    18.333333333333332,
    16.666666666666668,
    22.5,
    16.666666666666668,
    19.166666666666668,
    25.833333333333332,
    34.166666666666664,
    29.166666666666668,
    30.0,
    35.0,
    32.5,
    37.5,
    39.166666666666664,
    34.166666666666664,
    43.333333333333336,
    41.666666666666664,
    45.0,
    40.0,
    45.833333333333336,
    45.0,
    45.833333333333336,
    54.166666666666664,
    60.0,
    52.5,
    61.666666666666664,
    60.0,
    58.333333333333336,
    60.0,
    56.666666666666664,
    62.5,
    65.83333333333333,
    60.833333333333336,
    70.83333333333333,
    65.83333333333333,
    68.33333333333333,
    65.83333333333333,
    67.5,
    71.66666666666667,
    70.0,
    70.83333333333333,
    70.83333333333333,
    70.83333333333333,
    71.66666666666667,
    67.5,
    73.33333333333333,
    65.83333333333333,
    70.0,
    74.16666666666667,
    73.33333333333333,
    75.83333333333333,
    76.66666666666667,
    71.66666666666667,
    78.33333333333333,
    75.83333333333333,
    71.66666666666667,
    75.0,
    73.33333333333333,
    75.83333333333333,
    72.5,
    75.0,
    74.16666666666667,
    77.5,
    72.5,
    78.33333333333333,
    74.16666666666667,
    76.66666666666667,
    73.33333333333333,
    74.16666666666667,
    78.33333333333333,
    77.5,
    75.83333333333333,
    78.33333333333333,
    73.33333333333333,
    77.5,
    75.83333333333333
  ],
  "best_val_acc": 78.33333333333333,
  "best_epoch": 52
}