{
  "model_name": "LateFusion3D",
  "num_epochs": 75,
  "learning_rate": 0.001,
  "train_losses": [
    2.281553624168275,
    2.1558116693345326,
    2.1207767706068736,
    2.076858609441727,
    2.042731069383167,
    2.099002622422718,
    2.0151402590766785,
    1.9842868929817563,
    1.8840936403425912,
    1.943573384057908,
    1.8364626225971041,
    1.8617319152468728,
    1.8523760977245511,
    1.7836556226488143,
    1.7771243689552185,
    1.6979998056850736,
    1.7347521043959118,
    1.7051762891194178,
    1.6477976886052934,
    1.6138561604514954,
    1.5507574895071605,
    1.531220549628848,
    1.4918689775088476,
    1.4174724769970728,
    1.385112590259976,
    1.3435843586921692,
    1.2387522600945973,
    1.2908415160481892,
    1.252079657145909,
    1.2046612685634976,
    1.0994641501752158,
    1.1054230668242016,
    0.9974999389951191,
    1.0199054200497886,
    0.9971769882573022,
    0.8147318207082295,
    0.8491691913869646,
    0.7913550438861998,
    0.784437369969156,
    0.841635721188689,
    0.7066966813235056,
    0.6430260122768463,
    0.562639907298107,
    0.5962806160724352,
    0.6583663672208786,
    0.6683411679807163,
    0.587581755741248,
    0.50614440382,
    0.4348782454691236,
    0.3825848392314381,
    0.4087385433977322,
    0.35174342873136677,
    0.44030674833745237,
    0.46674384853787837,
    0.4582788227569489,
    0.46741556825618896,
    0.3471603010381971,
    0.3555421922947206,
    0.26799118447871434,
    0.29674695696060854,
    0.30131974894671687,
    0.3341679622138303,
    0.22626968798419786,
    0.24427377044903262,
    0.33082438811718945,
    0.29098638200703714,
    0.24797388946495225,
    0.12228731218437176,
    0.20381042230800386,
    0.20173039706978238,
    0.18593126954510808,
    0.2098348046956022,
    0.15054456545557413,
    0.18426487814738518,
    0.3468161661710058
  ],
  "val_losses": [
    2.298073728879293,
    2.1811751047770183,
    2.092941649754842,
    2.1145992914835614,
    3.5294130861759188,
    2.1143998940785727,
    2.027387801806132,
    2.153959369659424,
    2.0774320363998413,
    1.9722259362538657,
    2.0337061882019043,
    1.9192627271016438,
    2.154561511675517,
    2.1743646462758384,
    2.1376731316248576,
    2.0669835845629376,
    2.1182778755823772,
    1.857811653614044,
    1.743587597211202,
    1.8562364141146341,
    1.7951923688252767,
    1.729594882329305,
    3.0037673036257426,
    1.72946009238561,
    1.6661433339118958,
    1.6233303864796957,
    1.6718679745992024,
    1.4394675016403198,
    1.7206850151220958,
    1.3150283932685851,
    1.3697431623935699,
    1.625999837120374,
    1.2485246141751607,
    1.345878388484319,
    1.615753674507141,
    1.0890112976233164,
    1.0731890718142192,
    1.2335374275843303,
    1.867042871316274,
    1.7842475861310958,
    1.4457821160554887,
    1.0802383363246917,
    1.0355418463548025,
    1.1027131917575994,
    1.4020023008187612,
    1.0551623004178206,
    0.9883795231580734,
    1.1228540534774463,
    1.214987564086914,
    0.8576176516711712,
    1.283315046131611,
    1.1903517813732227,
    1.1961438721977173,
    0.982085669785738,
    1.1165460415184498,
    1.0093185402452947,
    0.8124685518443584,
    1.1621814253429572,
    0.8831373571107785,
    0.7698070866366228,
    0.8163143903482706,
    0.9535992398858071,
    1.0067672816726068,
    1.0416426095878706,
    1.2086140510548526,
    0.9626251752177875,
    0.9655797893802325,
    1.0064377738783756,
    1.0345569015596994,
    0.9896991586041016,
    1.255139260739088,
    0.8369906770375868,
    0.9646791202016175,
    0.8916170448996127,
    1.416156305745244
  ],
  "train_accs": [
    15.6,
    20.4,
    18.6,
    21.4,
    22.6,
    22.6,
    24.2,
    24.0,
    27.8,
    27.0,
    32.0,
    31.4,
    29.2,
    33.0,
    33.4,
    35.0,
    33.6,
    37.0,
    36.6,
    42.2,
    46.2,
    43.6,
    47.0,
    47.4,
    48.2,
    52.6,
    56.4,
    52.4,
    54.8,
    58.6,
    59.4,
    63.4,
    65.4,
    63.4,
    67.4,
    73.2,
    70.4,
    72.4,
    73.8,
    72.4,
    73.4,
    76.2,
    79.4,
    80.4,
    77.4,
    73.6,
    80.0,
    82.8,
    87.6,
    87.0,
    85.2,
    86.8,
    86.0,
    84.2,
    83.6,
    85.2,
    87.6,
    88.8,
    91.4,
    88.8,
    88.8,
    89.8,
    92.6,
    92.2,
    90.8,
    90.4,
    91.8,
    97.0,
    94.0,
    95.0,
    93.0,
    92.8,
    95.8,
    94.6,
    89.0
  ],
  "val_accs": [
    20.0,
    19.166666666666668,
    22.5,
    23.333333333333332,
    12.5,
    20.833333333333332,
    21.666666666666668,
    20.0,
    26.666666666666668,
    22.5,
    23.333333333333332,
    27.5,
    20.833333333333332,
    29.166666666666668,
    25.833333333333332,
    26.666666666666668,
    25.833333333333332,
    29.166666666666668,
    37.5,
    39.166666666666664,
    39.166666666666664,
    41.666666666666664,
    26.666666666666668,
    31.666666666666668,
    39.166666666666664,
    41.666666666666664,
    50.0,
    52.5,
    47.5,
    55.833333333333336,
    60.0,
    49.166666666666664,
    64.16666666666667,
    59.166666666666664,
    56.666666666666664,
    68.33333333333333,
    67.5,
    60.0,
    47.5,
    60.0,
    62.5,
    72.5,
    75.83333333333333,
    73.33333333333333,
    66.66666666666667,
    68.33333333333333,
    77.5,
    76.66666666666667,
    72.5,
    81.66666666666667,
    73.33333333333333,
    75.0,
    74.16666666666667,
    76.66666666666667,
    74.16666666666667,
    80.83333333333333,
    79.16666666666667,
    72.5,
    80.0,
    83.33333333333333,
    80.83333333333333,
    80.0,
    82.5,
    82.5,
    80.0,
    78.33333333333333,
    83.33333333333333,
    82.5,
    85.0,
    84.16666666666667,
    82.5,
    85.0,
    82.5,
    84.16666666666667,
    78.33333333333333
  ],
  "best_val_acc": 85.0,
  "best_epoch": 68
}