{
  "model_name": "PerFrame2D",
  "num_epochs": 75,
  "learning_rate": 0.001,
  "train_losses": [
    2.497027340389433,
    2.2847998918048917,
    2.213156501452128,
    2.1118509088243758,
    2.1321606238683066,
    2.0645147751248074,
    2.129513897593059,
    1.996591283215417,
    1.9977149187572418,
    2.0159754753112793,
    2.031658988150339,
    1.9547030925750732,
    1.9217960418216766,
    1.864036622501555,
    1.853676201805236,
    1.8512502643797133,
    1.7957053033132402,
    1.7576186051444402,
    1.7117620744402446,
    1.6442897840151711,
    1.6286790077648465,
    1.6100510803479997,
    1.6301711220589896,
    1.5921472188026187,
    1.560609994426606,
    1.4253765997432528,
    1.4251227416689434,
    1.4222693178388808,
    1.456428262922499,
    1.4414029745828538,
    1.329664893566616,
    1.3100985146704174,
    1.3732959713254655,
    1.2706190574736822,
    1.2092517008857122,
    1.2051224088858044,
    1.184763392285695,
    1.1070155882173114,
    1.1275642742476766,
    1.178367641237047,
    1.1890649828645918,
    1.0812446366226862,
    1.0890047535418519,
    1.0960716155786363,
    1.0906854584103538,
    0.9852212870877887,
    0.9664953421978724,
    1.003983285692003,
    0.9514516558912065,
    1.0542667333095792,
    0.9917461950154531,
    0.9019282216590548,
    0.8664127565210774,
    1.0507038155245403,
    0.9665227441324128,
    0.9388197025372869,
    0.8595582720424447,
    0.8704548078396964,
    0.9505547486127369,
    0.9275613637670638,
    0.886808342522099,
    0.7869868958516727,
    0.7112857488885759,
    0.8875725284691841,
    0.7775452617141936,
    0.8586854200573668,
    0.7699303968794762,
    0.9130218539919172,
    0.9045079885021089,
    0.74568372444501,
    0.8477211014500686,
    0.7614531327216398,
    0.7517931416394219,
    0.8065522682099115,
    0.7223734305728049
  ],
  "val_losses": [
    2.2672407627105713,
    2.2052762031555178,
    2.155644090970357,
    2.1305660088857015,
    2.054206573963165,
    2.0513031085332236,
    2.2144797643025718,
    1.9437710324923196,
    1.991964626312256,
    1.9043705741564432,
    1.9804365674654643,
    1.9336439609527587,
    1.917243496576945,
    1.8235856036345164,
    1.918718902269999,
    1.8418123960494994,
    1.8446574489275613,
    1.8099660793940227,
    1.7091622829437256,
    1.624988959232966,
    1.7916839758555094,
    1.687348691622416,
    1.6102444171905517,
    1.61830792427063,
    1.5833906908830007,
    1.563100748260816,
    1.5863225728273391,
    1.7824665576219558,
    1.5597891966501871,
    1.30998242298762,
    1.4454982419808706,
    1.4535242361327012,
    1.2967924495538077,
    1.1892625967661539,
    1.266903315981229,
    1.3931262175242105,
    1.3177324821551641,
    1.214697077125311,
    1.2266170000036558,
    1.2366351707528034,
    1.2741024762392044,
    1.2292433932423592,
    1.2913314193487166,
    1.12032417456309,
    1.242673609405756,
    1.1259269466002781,
    1.3264653821786245,
    1.3105901847283046,
    1.4531927091496375,
    1.2548037484288215,
    1.097835751871268,
    1.4131920862617942,
    1.0897855371236802,
    1.1387290483961503,
    1.1578688519696394,
    1.2886641554068774,
    1.123935433003256,
    0.9217364412421981,
    0.8341256965417415,
    0.9402644793192546,
    1.0289417837174066,
    0.951000332077092,
    0.9431501186229677,
    1.1031374639812082,
    0.960749325392438,
    0.8103188177609506,
    0.9709281168878079,
    1.2939687130972743,
    0.9643383716039049,
    0.8880415241486238,
    0.8829369900903354,
    0.8788797109038569,
    0.7116532755394777,
    0.848949988776197,
    0.8040232907592629
  ],
  "train_accs": [
    12.2,
    14.0,
    20.0,
    23.4,
    21.8,
    23.4,
    20.4,
    23.0,
    28.2,
    28.0,
    28.2,
    28.4,
    28.6,
    33.0,
    32.2,
    32.8,
    32.6,
    37.6,
    38.0,
    38.8,
    41.0,
    44.2,
    40.2,
    46.2,
    46.0,
    49.2,
    47.4,
    48.0,
    49.4,
    51.8,
    53.4,
    54.4,
    53.6,
    55.0,
    57.0,
    60.8,
    58.8,
    59.4,
    60.6,
    60.2,
    59.2,
    62.8,
    61.8,
    61.8,
    62.2,
    66.0,
    64.8,
    65.8,
    66.0,
    65.8,
    64.2,
    69.6,
    68.0,
    64.6,
    66.0,
    67.8,
    68.8,
    73.8,
    65.6,
    68.4,
    67.8,
    70.4,
    75.0,
    69.6,
    72.2,
    69.6,
    73.4,
    69.6,
    68.0,
    72.2,
    70.6,
    70.6,
    72.4,
    69.4,
    73.6
  ],
  "val_accs": [
    18.333333333333332,
    20.833333333333332,
    25.833333333333332,
    16.666666666666668,
    26.666666666666668,
    25.833333333333332,
    17.5,
    27.5,
    26.666666666666668,
    30.0,
    30.0,
    42.5,
    29.166666666666668,
    29.166666666666668,
    30.0,
    36.666666666666664,
    35.833333333333336,
    42.5,
    40.833333333333336,
    45.0,
    38.333333333333336,
    40.833333333333336,
    42.5,
    50.0,
    47.5,
    48.333333333333336,
    50.0,
    40.833333333333336,
    48.333333333333336,
    56.666666666666664,
    52.5,
    53.333333333333336,
    56.666666666666664,
    61.666666666666664,
    61.666666666666664,
    55.0,
    59.166666666666664,
    60.0,
    65.83333333333333,
    60.833333333333336,
    65.83333333333333,
    64.16666666666667,
    63.333333333333336,
    69.16666666666667,
    57.5,
    65.83333333333333,
    64.16666666666667,
    60.833333333333336,
    65.83333333333333,
    70.0,
    66.66666666666667,
    58.333333333333336,
    70.83333333333333,
    70.83333333333333,
    69.16666666666667,
    70.0,
    70.83333333333333,
    75.0,
    71.66666666666667,
    70.0,
    74.16666666666667,
    70.0,
    73.33333333333333,
    73.33333333333333,
    73.33333333333333,
    75.83333333333333,
    75.83333333333333,
    66.66666666666667,
    74.16666666666667,
    75.83333333333333,
    74.16666666666667,
    72.5,
    76.66666666666667,
    73.33333333333333,
    77.5
  ],
  "best_val_acc": 77.5,
  "best_epoch": 74
}