{
  "model_name": "EarlyFusion2D",
  "num_epochs": 10,
  "learning_rate": 0.001,
  "train_losses": [
    2.703395294764685,
    2.3262330236889066,
    2.245719964542086,
    2.182640478724525,
    2.128009828310164,
    2.100145491342696,
    2.0741060309939914,
    1.9871883392333984,
    1.8955362013408117,
    1.8545174787914942
  ],
  "val_losses": [
    2.2711272557576496,
    2.215628496805827,
    2.247782492637634,
    2.2287519852320354,
    2.2389007886250814,
    2.099229605992635,
    2.068534239133199,
    1.9258321841557822,
    1.824496833483378,
    1.9522432406743369
  ],
  "train_accs": [
    10.8,
    13.8,
    17.0,
    19.6,
    18.8,
    24.6,
    24.8,
    26.4,
    31.6,
    32.4
  ],
  "val_accs": [
    13.333333333333334,
    24.166666666666668,
    19.166666666666668,
    17.5,
    20.0,
    26.666666666666668,
    26.666666666666668,
    30.0,
    39.166666666666664,
    32.5
  ],
  "best_val_acc": 39.166666666666664,
  "best_epoch": 8
}