{
  "model_name": "EarlyFusion3D",
  "num_epochs": 10,
  "learning_rate": 0.001,
  "train_losses": [
    2.3342204093933105,
    2.188499989963713,
    2.1601689448432317,
    2.0986600622298224,
    2.056789897737049,
    2.0267778975622996,
    1.9629041164640397,
    1.9715901348325942,
    1.9524909466031999,
    1.9305371064988395
  ],
  "val_losses": [
    2.284852886199951,
    2.7817222277323403,
    2.1754840850830077,
    2.28858703772227,
    2.517120122909546,
    2.048783787091573,
    2.1110352595647175,
    2.4135375738143923,
    1.984079376856486,
    2.0461551109949747
  ],
  "train_accs": [
    10.4,
    18.8,
    21.8,
    18.8,
    24.8,
    22.2,
    22.8,
    24.2,
    25.6,
    25.6
  ],
  "val_accs": [
    13.333333333333334,
    16.666666666666668,
    19.166666666666668,
    15.833333333333334,
    13.333333333333334,
    25.833333333333332,
    24.166666666666668,
    21.666666666666668,
    27.5,
    25.0
  ],
  "best_val_acc": 27.5,
  "best_epoch": 8
}