{
  "model_name": "LateFusion3D",
  "num_epochs": 10,
  "learning_rate": 0.001,
  "train_losses": [
    2.302868894168309,
    2.226928640925695,
    2.1708022772319735,
    2.128846246098715,
    2.1182070081196134,
    2.0935061999729703,
    2.040745105062212,
    1.9663742213022142,
    1.972210893555293,
    1.8956983581421867
  ],
  "val_losses": [
    2.249539279937744,
    2.195013332366943,
    2.169218977292379,
    2.1093223333358764,
    2.202081243197123,
    2.0849512656529745,
    2.0372026602427167,
    1.9962149381637573,
    2.057105040550232,
    2.153785975774129
  ],
  "train_accs": [
    10.4,
    14.0,
    18.8,
    18.2,
    22.8,
    19.4,
    24.4,
    25.2,
    26.4,
    29.4
  ],
  "val_accs": [
    11.666666666666666,
    11.666666666666666,
    13.333333333333334,
    24.166666666666668,
    15.0,
    23.333333333333332,
    24.166666666666668,
    24.166666666666668,
    22.5,
    28.333333333333332
  ],
  "best_val_acc": 28.333333333333332,
  "best_epoch": 9
}