{
  "model_name": "LateFusion2D",
  "num_epochs": 10,
  "learning_rate": 0.001,
  "train_losses": [
    2.39651320094154,
    2.1260554109300887,
    1.9405309775518993,
    1.7444017425416007,
    1.52272087240976,
    1.1916689811244843,
    1.071144701942565,
    0.9174669226483693,
    0.8833787576073692,
    0.7416689432566128
  ],
  "val_losses": [
    2.367237750689189,
    2.2693435748418174,
    2.129777447382609,
    2.0071396032969155,
    1.8261502703030905,
    1.7632662216822306,
    1.6313350558280946,
    1.2140162030855814,
    1.4539542317390441,
    0.824614155292511
  ],
  "train_accs": [
    13.0,
    21.6,
    32.6,
    40.4,
    47.2,
    58.8,
    62.6,
    70.2,
    70.8,
    74.2
  ],
  "val_accs": [
    16.666666666666668,
    28.333333333333332,
    27.5,
    30.833333333333332,
    43.333333333333336,
    44.166666666666664,
    47.5,
    61.666666666666664,
    57.5,
    74.16666666666667
  ],
  "best_val_acc": 74.16666666666667,
  "best_epoch": 9
}