{
  "model_name": "PerFrame2D",
  "num_epochs": 10,
  "learning_rate": 0.001,
  "train_losses": [
    2.5260403648255365,
    2.290042937748016,
    2.257027465199667,
    2.219660232937525,
    2.227686987982856,
    2.208011466359335,
    2.1965219501465088,
    2.140337245804923,
    2.124183624509781,
    2.1234699620140924
  ],
  "val_losses": [
    2.293156099319458,
    2.2701389948527018,
    2.2646933078765867,
    2.220888336499532,
    2.209919826189677,
    2.199287684758504,
    2.253284780184428,
    2.1765239238739014,
    2.201446294784546,
    2.1679245313008626
  ],
  "train_accs": [
    12.0,
    11.4,
    14.4,
    16.8,
    15.4,
    16.4,
    19.8,
    21.0,
    20.2,
    21.2
  ],
  "val_accs": [
    11.666666666666666,
    14.166666666666666,
    12.5,
    16.666666666666668,
    15.833333333333334,
    17.5,
    15.0,
    16.666666666666668,
    13.333333333333334,
    15.833333333333334
  ],
  "best_val_acc": 17.5,
  "best_epoch": 5
}