{
  "model_name": "PerFrame3D",
  "num_epochs": 10,
  "learning_rate": 0.001,
  "train_losses": [
    2.3379349859934004,
    2.292664611150348,
    2.2307713731886847,
    2.189256202606928,
    2.1371467018884327,
    2.145144237412347,
    2.071236080593533,
    2.067992655057756,
    2.106808073936947,
    2.0350876251856485
  ],
  "val_losses": [
    2.299722735087077,
    2.366459353764852,
    2.276376509666443,
    2.206231371561686,
    2.1116143226623536,
    2.6344234863917033,
    2.145722277959188,
    2.135496465365092,
    2.1105813423792523,
    2.157595403989156
  ],
  "train_accs": [
    12.4,
    13.8,
    16.6,
    17.0,
    18.8,
    16.8,
    22.4,
    22.8,
    20.8,
    22.2
  ],
  "val_accs": [
    11.666666666666666,
    10.0,
    16.666666666666668,
    17.5,
    25.0,
    16.666666666666668,
    19.166666666666668,
    24.166666666666668,
    22.5,
    18.333333333333332
  ],
  "best_val_acc": 25.0,
  "best_epoch": 4
}