{
  "model_name": "EarlyFusion3D",
  "num_epochs": 75,
  "learning_rate": 0.001,
  "train_losses": [
    2.3073732474493602,
    2.151214624208117,
    2.0819607670345004,
    2.009100391751244,
    1.9679235882229276,
    1.8347470911722334,
    1.8437617884741888,
    1.686777396807595,
    1.6113003454511128,
    1.6411856914323473,
    1.4517776370048523,
    1.4420225847335089,
    1.3101759325890314,
    1.3976386388142903,
    1.259117687505389,
    1.3388807281615243,
    1.2305593992036485,
    1.1710024168567053,
    1.1202825728863004,
    1.0810505208514987,
    1.0618132896839627,
    0.9986004504182983,
    0.9329414684621115,
    0.8922792810296255,
    0.9070006788723053,
    0.8248703702101632,
    0.7240124822609009,
    0.7333405814946644,
    0.8145552130918654,
    0.7092801755855954,
    0.6796710646105191,
    0.6611789433019502,
    0.5872513985350019,
    0.5462518494044032,
    0.5779723914133178,
    0.3518288620703277,
    0.4445982327063878,
    0.4903412711703115,
    0.4797086776751611,
    0.3808541227398174,
    0.367493308459719,
    0.4234613264423041,
    0.5046680362688171,
    0.44866320037741275,
    0.33803451979266746,
    0.4398747839565788,
    0.2208604370169933,
    0.2959592396334287,
    0.42053138228162884,
    0.2534089931942863,
    0.32482166215777397,
    0.29300487346001086,
    0.29318218358925413,
    0.3011482135052719,
    0.37178621627390385,
    0.30276534818704165,
    0.26714605648839285,
    0.264461932940379,
    0.33427833129710977,
    0.3886723436474327,
    0.28504367194892394,
    0.13492774798549592,
    0.31175958589671016,
    0.27553064019847956,
    0.2350307387403316,
    0.1342728432057248,
    0.1256219944094367,
    0.19292581703288422,
    0.28092971725005006,
    0.22482486014690486,
    0.18482148812876809,
    0.2241976969611613,
    0.20937752027511744,
    0.19502539331063865,
    0.16194089088128835
  ],
  "val_losses": [
    2.2448626518249513,
    3.539606996377309,
    2.2768368164698285,
    2.216012636820475,
    2.0229384462038675,
    2.1606151262919107,
    2.981977474689484,
    2.2104007482528685,
    2.3945907513300577,
    2.379875671863556,
    3.568068863948186,
    2.3667358716328937,
    2.556863371531169,
    2.6171934445699057,
    5.5918487280607225,
    2.5011743783950804,
    2.857308006286621,
    2.660314377148946,
    3.375639732678731,
    2.5345049500465393,
    4.698461469014486,
    2.6021287639935813,
    2.8179209152857463,
    2.652983609835307,
    2.9792090892791747,
    3.4616504589716595,
    3.3962316155433654,
    3.430220955610275,
    4.287330174446106,
    3.5742738167444865,
    3.307740267117818,
    3.2595540046691895,
    3.9318867325782776,
    3.7023474256197613,
    4.591332284609477,
    4.223198022445043,
    5.1132100343704225,
    4.419311690330505,
    4.113849786917369,
    4.026911862691244,
    4.997358139355978,
    4.369775342941284,
    4.138794751962026,
    4.69633107582728,
    4.047642254829407,
    3.6603132406870524,
    4.109943930308024,
    3.9682745615641277,
    3.991216762860616,
    4.373505155245463,
    5.704327630996704,
    5.0939454158147175,
    5.0237560590108234,
    4.752259862422943,
    4.339161145687103,
    4.084063438574473,
    4.051949501037598,
    5.920712622006734,
    4.8226324081420895,
    3.9094752232233683,
    4.165384364128113,
    5.122214269638062,
    5.0657492478688555,
    4.787679513295491,
    4.455910658836364,
    4.443189350763957,
    4.852514509359995,
    5.306420679887136,
    4.571965758005778,
    5.220732037226359,
    3.5594698111216228,
    4.85300923983256,
    3.9293633302052817,
    4.526685651143392,
    4.4419175068537395
  ],
  "train_accs": [
    11.6,
    21.0,
    21.4,
    25.0,
    29.0,
    33.0,
    33.6,
    36.6,
    43.4,
    39.8,
    47.6,
    50.0,
    51.4,
    53.0,
    56.2,
    54.4,
    55.2,
    59.8,
    61.0,
    62.6,
    62.0,
    64.4,
    69.2,
    72.0,
    69.6,
    71.4,
    75.8,
    77.2,
    71.2,
    77.4,
    76.0,
    79.4,
    81.0,
    81.0,
    81.2,
    88.4,
    85.2,
    83.6,
    86.2,
    88.8,
    87.8,
    86.4,
    84.6,
    86.8,
    89.4,
    85.2,
    93.0,
    89.4,
    86.2,
    92.2,
    89.6,
    91.8,
    91.2,
    90.4,
    88.4,
    91.0,
    91.4,
    91.8,
    89.6,
    88.0,
    91.0,
    96.2,
    91.0,
    92.2,
    93.6,
    96.0,
    95.8,
    94.0,
    92.0,
    92.6,
    93.8,
    93.2,
    92.8,
    94.2,
    95.0
  ],
  "val_accs": [
    19.166666666666668,
    10.0,
    18.333333333333332,
    24.166666666666668,
    25.0,
    25.833333333333332,
    16.666666666666668,
    20.0,
    15.833333333333334,
    19.166666666666668,
    19.166666666666668,
    24.166666666666668,
    20.0,
    18.333333333333332,
    11.666666666666666,
    23.333333333333332,
    21.666666666666668,
    27.5,
    20.0,
    27.5,
    17.5,
    25.833333333333332,
    22.5,
    31.666666666666668,
    30.0,
    32.5,
    28.333333333333332,
    35.0,
    28.333333333333332,
    20.0,
    26.666666666666668,
    34.166666666666664,
    27.5,
    26.666666666666668,
    23.333333333333332,
    30.0,
    18.333333333333332,
    19.166666666666668,
    26.666666666666668,
    25.0,
    20.833333333333332,
    33.333333333333336,
    21.666666666666668,
    19.166666666666668,
    26.666666666666668,
    34.166666666666664,
    28.333333333333332,
    33.333333333333336,
    31.666666666666668,
    28.333333333333332,
    20.0,
    22.5,
    20.833333333333332,
    26.666666666666668,
    27.5,
    26.666666666666668,
    32.5,
    23.333333333333332,
    22.5,
    30.833333333333332,
    35.0,
    24.166666666666668,
    28.333333333333332,
    29.166666666666668,
    26.666666666666668,
    30.0,
    33.333333333333336,
    26.666666666666668,
    26.666666666666668,
    33.333333333333336,
    28.333333333333332,
    20.0,
    21.666666666666668,
    33.333333333333336,
    25.833333333333332
  ],
  "best_val_acc": 35.0,
  "best_epoch": 27
}