{
  "model_name": "EarlyFusion2D",
  "num_epochs": 75,
  "learning_rate": 0.001,
  "train_losses": [
    2.6835314678767372,
    2.290057801064991,
    2.17424966607775,
    2.034187880773393,
    1.9004897655002655,
    1.7823254551206316,
    1.7555209947010828,
    1.6137511654505654,
    1.479452859787714,
    1.391413997090052,
    1.290021294639224,
    1.2365295134839558,
    1.146376150941092,
    1.060665586638072,
    1.0487868979809776,
    0.8580160219044912,
    0.8008123241246693,
    0.7467318485890116,
    0.7877753852378755,
    0.790990190610053,
    0.8133416382802857,
    0.6761543239865985,
    0.6829594409181958,
    0.6489749094323506,
    0.49124802703717874,
    0.5652907899329587,
    0.5207007974386215,
    0.48351306976780056,
    0.5624548126426008,
    0.4861192052651729,
    0.4756605082472402,
    0.4905173166521958,
    0.4545191397506093,
    0.4614006790026675,
    0.4101174917766854,
    0.4015372307778942,
    0.3443523323392525,
    0.42640677198678967,
    0.3712064307330856,
    0.3711715055304387,
    0.3735233323171824,
    0.32133719893837615,
    0.26550478280137574,
    0.35507775387835977,
    0.2840979102969406,
    0.28293179751314695,
    0.31066750721000724,
    0.2858626562880263,
    0.3140308277456031,
    0.25494240825678893,
    0.2562723573230739,
    0.24916151897207509,
    0.375823279244027,
    0.25001718957551816,
    0.32588312907503836,
    0.2742497491509846,
    0.22069443114257106,
    0.2711857631935374,
    0.2890976741466494,
    0.29722996252877193,
    0.3111418699399875,
    0.3238693583904052,
    0.26558977878622025,
    0.32585622952134896,
    0.2381127519884825,
    0.2605106823621244,
    0.19642452176075104,
    0.23959691981029224,
    0.22845111840605467,
    0.2526474870192321,
    0.28850595086502534,
    0.23071309406516358,
    0.21242350564196905,
    0.260783892440587,
    0.17998242895774882
  ],
  "val_losses": [
    2.3742195765177407,
    2.341956035296122,
    2.5288244326909384,
    3.437209979693095,
    2.4144224802652996,
    2.4820308049519855,
    2.7359143018722536,
    3.135513345400492,
    3.000485642751058,
    3.183965635299683,
    4.136632132530212,
    3.1200767358144126,
    2.64496328830719,
    3.5747687101364134,
    3.7004852612813313,
    3.5234903494517007,
    3.7641608715057373,
    3.994873023033142,
    2.903256022930145,
    3.391684611638387,
    3.556633965174357,
    3.437098284562429,
    3.79318220615387,
    4.151718235015869,
    3.8854687372843424,
    4.082047247886658,
    3.8299250761667887,
    4.242002550760905,
    4.060179257392884,
    4.442044528325399,
    4.178702441851298,
    4.741919914881389,
    4.718750580151876,
    3.602842708428701,
    4.177320679028829,
    4.500149965286255,
    4.844983172416687,
    4.490682729085287,
    4.02563046614329,
    4.358367991447449,
    3.6647315502166746,
    4.565786902109782,
    4.540752450625102,
    5.071823151906331,
    4.642735465367635,
    4.645183531443278,
    4.498539543151855,
    4.3967489083608,
    4.255726703008016,
    3.9437497933705647,
    4.976990437507629,
    4.707126331329346,
    4.1870942195256555,
    4.277203305562337,
    4.952022933959961,
    4.130412332216898,
    4.080501345793406,
    4.3851832548777265,
    5.281619183222452,
    4.316511559486389,
    5.13434427579244,
    4.457044219970703,
    4.171475744247436,
    4.34033776919047,
    4.811698921521505,
    4.398679765065511,
    4.997548071543376,
    5.290050522486369,
    4.873426254590353,
    6.147773603598277,
    5.157271639506022,
    6.067889567216238,
    5.647317918141683,
    5.208145531018575,
    5.121278905868531
  ],
  "train_accs": [
    10.2,
    18.0,
    23.2,
    23.4,
    32.0,
    37.2,
    38.8,
    44.2,
    46.8,
    51.6,
    52.8,
    57.4,
    60.0,
    62.0,
    64.0,
    70.0,
    71.4,
    72.8,
    72.0,
    72.4,
    73.0,
    78.0,
    75.6,
    77.2,
    82.0,
    80.2,
    81.0,
    84.6,
    80.4,
    84.0,
    83.6,
    81.4,
    85.0,
    83.6,
    86.0,
    86.6,
    88.2,
    83.6,
    87.8,
    87.6,
    87.2,
    89.4,
    90.6,
    87.8,
    90.4,
    90.4,
    89.6,
    89.6,
    89.8,
    91.6,
    91.6,
    92.0,
    89.2,
    91.6,
    88.6,
    91.2,
    93.0,
    90.6,
    90.8,
    90.2,
    90.2,
    89.6,
    91.0,
    89.2,
    90.8,
    90.2,
    94.4,
    92.2,
    92.2,
    91.8,
    91.8,
    91.8,
    93.0,
    92.2,
    94.0
  ],
  "val_accs": [
    9.166666666666666,
    15.0,
    20.0,
    20.0,
    15.0,
    10.833333333333334,
    11.666666666666666,
    16.666666666666668,
    15.833333333333334,
    15.0,
    17.5,
    16.666666666666668,
    17.5,
    18.333333333333332,
    21.666666666666668,
    15.0,
    19.166666666666668,
    29.166666666666668,
    21.666666666666668,
    20.833333333333332,
    21.666666666666668,
    20.0,
    19.166666666666668,
    18.333333333333332,
    16.666666666666668,
    16.666666666666668,
    22.5,
    15.833333333333334,
    19.166666666666668,
    20.0,
    20.833333333333332,
    23.333333333333332,
    20.833333333333332,
    16.666666666666668,
    17.5,
    20.0,
    20.833333333333332,
    21.666666666666668,
    20.833333333333332,
    24.166666666666668,
    23.333333333333332,
    20.0,
    20.833333333333332,
    15.833333333333334,
    21.666666666666668,
    23.333333333333332,
    16.666666666666668,
    19.166666666666668,
    18.333333333333332,
    15.833333333333334,
    24.166666666666668,
    21.666666666666668,
    17.5,
    20.833333333333332,
    22.5,
    22.5,
    20.833333333333332,
    15.833333333333334,
    16.666666666666668,
    18.333333333333332,
    19.166666666666668,
    19.166666666666668,
    16.666666666666668,
    15.0,
    19.166666666666668,
    13.333333333333334,
    15.833333333333334,
    19.166666666666668,
    15.0,
    20.0,
    15.0,
    14.166666666666666,
    19.166666666666668,
    20.0,
    21.666666666666668
  ],
  "best_val_acc": 29.166666666666668,
  "best_epoch": 17
}