{
  "model_name": "LateFusion2D",
  "num_epochs": 75,
  "learning_rate": 0.001,
  "train_losses": [
    2.322545180245051,
    1.7718404361179896,
    1.1974444834012834,
    0.8761546025200496,
    0.616785002133203,
    0.28792804739778005,
    0.2554656596824763,
    0.3569713749641937,
    0.19997264291085895,
    0.15557961025282682,
    0.1467533385092836,
    0.15838487554962435,
    0.12976531740573663,
    0.09858918606857067,
    0.07095210041133834,
    0.17567106370592633,
    0.1466404007016016,
    0.07089578911368985,
    0.019989523392434913,
    0.016131138047130084,
    0.007757226548179345,
    0.034996108209082784,
    0.058274547064067,
    0.12452799647057657,
    0.09018906561692665,
    0.1764082554850791,
    0.02841628528620363,
    0.029109009776538373,
    0.044462372702423994,
    0.04960350961949275,
    0.10673542006083557,
    0.19131914561411476,
    0.1102625007920829,
    0.06093116344261886,
    0.09584452459049563,
    0.0072893219642838495,
    0.01074837756347719,
    0.024964352265496495,
    0.04038312072568381,
    0.04055581063288093,
    0.14691469923202513,
    0.17987156745821556,
    0.13173538016765216,
    0.06480702965079997,
    0.033337904309735766,
    0.004999452110625826,
    0.025354106112506505,
    0.12928181077844222,
    0.05198246990449473,
    0.008363573896776727,
    0.0017894043641243273,
    0.001745005341328059,
    0.00978731798549295,
    0.021531705298172263,
    0.005784556831249646,
    0.0026193913440593743,
    0.006002286199228957,
    0.005560732851489006,
    0.15867970222731698,
    0.21556598526062554,
    0.2061545678762102,
    0.05308035629640551,
    0.02218905313831841,
    0.009576058349011873,
    0.00401175247910552,
    0.011580414909476963,
    0.004960637434647949,
    0.041537791045053084,
    0.033730210158571104,
    0.008548797204993106,
    0.006341853078566377,
    0.017094206582877785,
    0.007582259968383824,
    0.004382350967196274,
    0.0149781812204065
  ],
  "val_losses": [
    2.485961127281189,
    2.737682016690572,
    4.406510194142659,
    4.094367090861002,
    3.550666113694509,
    5.670727984110514,
    5.3539936701456705,
    4.714736779530843,
    4.897046612699826,
    5.332824659347534,
    6.144028250376383,
    5.13728177746137,
    5.033768272399902,
    7.7172126849492395,
    5.388209751000007,
    6.307489681243896,
    5.846123468875885,
    5.315677849451701,
    6.3138163407643635,
    6.243902730941772,
    6.3968561093012495,
    6.147210824489593,
    5.812434983253479,
    6.242755166689554,
    6.443562642733256,
    5.759784795840582,
    6.125508658091227,
    5.637531848748525,
    6.936150423685709,
    7.617215140660604,
    7.275662724177042,
    6.8965805212656655,
    7.506444915135702,
    6.586889272431533,
    6.417747525374095,
    6.364442698160807,
    6.729380162556966,
    7.293273210525513,
    7.8243382607897125,
    8.885957145690918,
    7.969614315032959,
    6.512188243865967,
    8.122990878423055,
    7.908651995658874,
    8.797759040196736,
    8.677050852775574,
    9.051088778177897,
    6.8615118861198425,
    5.832034317652385,
    6.444167308012644,
    6.585665651162466,
    6.599348785479863,
    7.089497288068135,
    6.874972669283549,
    6.964699411392212,
    7.0481470664342245,
    7.543296575546265,
    6.796537629763285,
    8.750126108527184,
    6.525486056009928,
    6.108762995402018,
    6.846583851178488,
    6.6011452635129295,
    6.192661730448405,
    7.052862119674683,
    7.316685175895691,
    7.201594897111257,
    7.88304800192515,
    7.131626490751902,
    7.480862498283386,
    7.848710443576177,
    9.803430557250977,
    7.993637697895368,
    8.186578019460041,
    7.829076991478602
  ],
  "train_accs": [
    18.6,
    40.6,
    57.6,
    69.4,
    79.6,
    90.4,
    92.6,
    88.6,
    93.4,
    94.8,
    95.6,
    94.2,
    94.8,
    96.4,
    98.2,
    95.0,
    95.2,
    97.6,
    99.4,
    99.4,
    99.8,
    99.0,
    98.4,
    97.4,
    97.8,
    94.8,
    99.2,
    99.2,
    99.0,
    98.4,
    96.4,
    97.4,
    96.8,
    98.2,
    97.4,
    100.0,
    99.4,
    99.4,
    99.0,
    98.8,
    96.2,
    94.8,
    96.8,
    98.2,
    99.4,
    99.8,
    99.4,
    97.6,
    98.6,
    99.8,
    100.0,
    100.0,
    99.8,
    99.6,
    99.8,
    100.0,
    99.6,
    99.6,
    97.2,
    94.0,
    96.8,
    99.0,
    99.4,
    99.6,
    99.8,
    99.4,
    99.8,
    98.6,
    99.2,
    99.8,
    100.0,
    99.6,
    99.8,
    99.8,
    99.8
  ],
  "val_accs": [
    21.666666666666668,
    25.0,
    25.0,
    20.833333333333332,
    21.666666666666668,
    25.833333333333332,
    25.833333333333332,
    26.666666666666668,
    26.666666666666668,
    20.833333333333332,
    30.0,
    30.833333333333332,
    27.5,
    20.833333333333332,
    24.166666666666668,
    22.5,
    32.5,
    25.0,
    22.5,
    23.333333333333332,
    24.166666666666668,
    27.5,
    20.833333333333332,
    22.5,
    27.5,
    26.666666666666668,
    24.166666666666668,
    21.666666666666668,
    25.833333333333332,
    28.333333333333332,
    21.666666666666668,
    29.166666666666668,
    25.833333333333332,
    30.0,
    21.666666666666668,
    25.0,
    26.666666666666668,
    31.666666666666668,
    30.0,
    22.5,
    24.166666666666668,
    23.333333333333332,
    26.666666666666668,
    23.333333333333332,
    25.833333333333332,
    24.166666666666668,
    23.333333333333332,
    26.666666666666668,
    29.166666666666668,
    28.333333333333332,
    30.0,
    30.0,
    23.333333333333332,
    23.333333333333332,
    23.333333333333332,
    24.166666666666668,
    24.166666666666668,
    26.666666666666668,
    24.166666666666668,
    24.166666666666668,
    29.166666666666668,
    23.333333333333332,
    27.5,
    27.5,
    25.833333333333332,
    28.333333333333332,
    29.166666666666668,
    25.0,
    30.833333333333332,
    26.666666666666668,
    24.166666666666668,
    22.5,
    30.0,
    29.166666666666668,
    29.166666666666668
  ],
  "best_val_acc": 32.5,
  "best_epoch": 16
}