{
  "model_name": "LateFusion3D",
  "num_epochs": 75,
  "learning_rate": 0.001,
  "train_losses": [
    2.2902047955800615,
    2.15283351285117,
    2.084515690803528,
    1.9356548502331687,
    1.9001341679739574,
    1.7842156234241666,
    1.7973649161202567,
    1.6936164280724904,
    1.706914721027253,
    1.687908821635776,
    1.5077459424261064,
    1.4631449636958895,
    1.2500184982542009,
    1.2488266030947368,
    1.2440306539573367,
    1.054626216964116,
    1.098297407702794,
    0.9754882443045813,
    0.9822885129186842,
    0.8986620259663415,
    0.9389392489951754,
    0.6745670352663312,
    0.7205831290237488,
    0.755407775087016,
    0.5931428182456229,
    0.612183163326884,
    0.602356490279947,
    0.5175473745616656,
    0.48963809616508935,
    0.4248064747819352,
    0.5232491748969234,
    0.44162169997654266,
    0.37450937061969725,
    0.3887569125564325,
    0.2687020419195058,
    0.3056353006866716,
    0.3451181612428396,
    0.4087528551499995,
    0.2686701998232849,
    0.19853870693727263,
    0.2334189675415733,
    0.30969825018167735,
    0.2951320160701427,
    0.22524092215601177,
    0.1958487558562959,
    0.22983020978669325,
    0.199624864451055,
    0.2379829416214119,
    0.25620183553214054,
    0.20982665739702208,
    0.36573415336805204,
    0.23748535251924915,
    0.1543713730874486,
    0.2167386031046229,
    0.16852866375951894,
    0.18918355527733052,
    0.06305610383528151,
    0.16305164452609866,
    0.32065985624545384,
    0.22262207805114384,
    0.09404461211266203,
    0.11975023331026369,
    0.04681923318564678,
    0.20684451476988633,
    0.13025127104028508,
    0.1604682091349368,
    0.13387182574199016,
    0.2042119793453215,
    0.13940356726322087,
    0.14518604525143192,
    0.08924457107579135,
    0.08742762157514032,
    0.13913507340753095,
    0.24607292634605002,
    0.16072492490038423
  ],
  "val_losses": [
    2.2832238833109537,
    2.233458956082662,
    2.362445934613546,
    2.6862688144048055,
    2.440847301483154,
    2.4750890652338664,
    2.2956574678421022,
    2.624347710609436,
    2.5731198310852053,
    3.0191460609436036,
    2.6757214784622194,
    2.7459100087483725,
    2.6467648267745973,
    2.6628655433654784,
    2.9778996547063192,
    2.8149652322133383,
    3.431756623586019,
    3.691545605659485,
    3.2922534863154094,
    3.14367733001709,
    2.790944043795268,
    3.4194818417231243,
    3.50762966076533,
    3.535332361857096,
    4.043907888730367,
    3.5461633682250975,
    3.653973189989726,
    4.459607720375061,
    4.0154983361562095,
    4.409897311528524,
    4.277114494641622,
    4.236888281504313,
    4.746287520726522,
    4.497285413742065,
    5.004438281059265,
    3.8390804449717204,
    5.207246112823486,
    3.9839932918548584,
    4.502462633450826,
    4.343878873189291,
    4.519420957565307,
    5.055964295069376,
    4.2304041385650635,
    5.483823529879252,
    4.539768203099569,
    4.533513291676839,
    4.245346697171529,
    4.697320286432902,
    5.02650134563446,
    4.3591267744700115,
    4.848573549588521,
    4.727034378051758,
    5.12476106484731,
    4.603821619351705,
    4.820539530118307,
    4.744875129063924,
    5.304854520161947,
    5.8974533398946125,
    4.44894749323527,
    4.844903786977132,
    4.511354915301005,
    4.589969134330749,
    5.7261671622594195,
    4.532239023844401,
    5.413226334253947,
    4.343716351191203,
    5.3190810521443685,
    5.032995764414469,
    5.02193694114685,
    4.53774585723877,
    5.110974709192912,
    5.473319180806478,
    5.225019121170044,
    4.625662978490194,
    5.00615185101827
  ],
  "train_accs": [
    13.0,
    21.6,
    25.4,
    31.0,
    32.6,
    33.8,
    35.0,
    38.0,
    39.0,
    37.2,
    43.8,
    45.4,
    55.0,
    55.4,
    55.6,
    63.2,
    58.0,
    66.2,
    65.4,
    67.2,
    70.4,
    77.4,
    76.6,
    72.8,
    79.8,
    78.8,
    79.6,
    81.4,
    84.6,
    84.0,
    81.6,
    84.2,
    89.0,
    88.2,
    90.8,
    89.8,
    88.6,
    88.0,
    91.2,
    93.8,
    92.6,
    90.4,
    91.2,
    93.2,
    93.4,
    93.8,
    93.4,
    91.6,
    93.6,
    94.2,
    89.8,
    92.0,
    94.6,
    94.0,
    94.6,
    94.8,
    98.0,
    95.8,
    90.8,
    93.4,
    96.6,
    95.2,
    98.6,
    94.8,
    96.2,
    94.0,
    96.0,
    94.0,
    95.4,
    96.4,
    97.8,
    97.4,
    95.4,
    93.6,
    95.4
  ],
  "val_accs": [
    15.0,
    15.0,
    16.666666666666668,
    8.333333333333334,
    18.333333333333332,
    23.333333333333332,
    22.5,
    17.5,
    15.833333333333334,
    14.166666666666666,
    21.666666666666668,
    26.666666666666668,
    21.666666666666668,
    22.5,
    17.5,
    30.833333333333332,
    21.666666666666668,
    23.333333333333332,
    25.833333333333332,
    15.833333333333334,
    21.666666666666668,
    25.833333333333332,
    25.833333333333332,
    20.0,
    20.0,
    24.166666666666668,
    29.166666666666668,
    24.166666666666668,
    25.833333333333332,
    20.0,
    22.5,
    21.666666666666668,
    23.333333333333332,
    21.666666666666668,
    28.333333333333332,
    26.666666666666668,
    26.666666666666668,
    21.666666666666668,
    19.166666666666668,
    26.666666666666668,
    25.0,
    20.833333333333332,
    20.833333333333332,
    20.0,
    25.0,
    30.833333333333332,
    29.166666666666668,
    27.5,
    25.0,
    30.0,
    17.5,
    23.333333333333332,
    17.5,
    25.0,
    30.0,
    25.0,
    23.333333333333332,
    23.333333333333332,
    27.5,
    28.333333333333332,
    27.5,
    29.166666666666668,
    25.833333333333332,
    23.333333333333332,
    21.666666666666668,
    23.333333333333332,
    24.166666666666668,
    20.0,
    19.166666666666668,
    24.166666666666668,
    21.666666666666668,
    28.333333333333332,
    24.166666666666668,
    19.166666666666668,
    20.833333333333332
  ],
  "best_val_acc": 30.833333333333332,
  "best_epoch": 15
}