{
  "model_name": "PerFrame3D",
  "num_epochs": 75,
  "learning_rate": 0.001,
  "train_losses": [
    2.3374041905478826,
    2.2950870536622547,
    2.286304825828189,
    2.234394421653142,
    2.238459624941387,
    2.1893441563560847,
    2.193823610033308,
    2.164152612761846,
    2.152160918901837,
    2.143463093136984,
    2.044289518916418,
    2.0800078804530795,
    2.0768803225623236,
    2.0080743460428145,
    1.9936810902186803,
    2.062973289262681,
    1.975315707070487,
    1.9449406029686096,
    1.9347866414085266,
    1.8527927890656486,
    1.8821803350297233,
    1.8339781212428259,
    1.8283239962562683,
    1.7725274581757804,
    1.848448704159449,
    1.7858397165934246,
    1.761164385174948,
    1.7605694740537614,
    1.6839764033045088,
    1.657661409605117,
    1.6499387442119537,
    1.5386600768755352,
    1.5571713334038144,
    1.5419894362252855,
    1.5668894752623543,
    1.522895476174733,
    1.4831961100063626,
    1.5193712086904616,
    1.4317772208698212,
    1.3922281615317813,
    1.3956807255744934,
    1.3168834523549156,
    1.366512720547025,
    1.2582401330508883,
    1.2769048810005188,
    1.2585193202609108,
    1.2664882919145009,
    1.2106802813590518,
    1.169968965507689,
    1.1623374535923912,
    1.0282330517731015,
    1.11581770200578,
    1.0511339458208235,
    1.1359445935203916,
    1.0550533277647836,
    1.0336668794117276,
    1.1060012181599934,
    0.9423388403559488,
    0.9869477053483328,
    0.9188806684244246,
    0.9004900694366486,
    0.9325012853221287,
    0.981630023509737,
    1.0082260952109383,
    0.8033457317995647,
    0.8746433433086153,
    0.9472961361919131,
    0.7637674258578391,
    0.860894433089665,
    0.8425319963504397,
    0.8308167872684342,
    0.7287418239173435,
    0.8058921226433345,
    0.7520606761413907,
    0.7758518029299993
  ],
  "val_losses": [
    2.2991973876953127,
    2.309101708730062,
    2.3079426606496174,
    2.385778776804606,
    2.2551974376042683,
    2.3249309142430623,
    2.2904756387074787,
    2.4648690859476727,
    2.57891944249471,
    2.3224292357762653,
    2.439479414621989,
    2.4334988753000895,
    2.424741252263387,
    2.4843321164449055,
    2.865001646677653,
    2.3578465302785236,
    2.4574711084365846,
    2.4689720392227175,
    2.7900178909301756,
    2.6952828645706175,
    2.4086448748906455,
    2.9409063418706256,
    2.990187994639079,
    3.8152929147084556,
    2.822395356496175,
    3.022037172317505,
    3.3890549182891845,
    2.910300374031067,
    3.0819318811098735,
    2.9658633867899575,
    2.6513277610143025,
    3.492293349901835,
    2.911485433578491,
    3.717896350224813,
    2.345750880241394,
    3.052920206387838,
    3.590138149261475,
    2.8253337939580283,
    2.794173765182495,
    2.9835715035597485,
    3.586366899808248,
    3.707277262210846,
    2.740474220116933,
    3.5190094113349915,
    2.7022183497746783,
    3.770917510986328,
    2.7753772815068563,
    3.283801039059957,
    3.7874388813972475,
    3.317833205064138,
    3.162902283668518,
    2.847560969988505,
    4.872604457537333,
    3.76529438495636,
    3.9741732041041056,
    3.1473746299743652,
    3.0225436210632326,
    3.3644917249679565,
    3.163531009356181,
    3.581591808795929,
    4.0719248453776045,
    3.2471851189931233,
    2.933056394259135,
    3.201900319258372,
    3.8816597143809,
    3.922664244969686,
    3.0610762357711794,
    3.286026708285014,
    3.3830530802408854,
    3.62514253060023,
    4.590946845213572,
    4.065944242477417,
    3.784812327226003,
    4.065054965019226,
    3.664868879318237
  ],
  "train_accs": [
    9.6,
    9.0,
    13.8,
    12.8,
    15.2,
    18.8,
    15.4,
    18.6,
    16.4,
    19.0,
    22.4,
    24.2,
    23.6,
    26.2,
    26.6,
    23.2,
    27.6,
    28.4,
    31.0,
    32.2,
    31.2,
    35.2,
    34.0,
    35.8,
    33.4,
    37.2,
    37.6,
    36.0,
    39.2,
    37.8,
    39.4,
    46.4,
    44.8,
    44.2,
    46.4,
    47.4,
    47.0,
    47.0,
    50.6,
    51.8,
    50.8,
    53.0,
    53.2,
    58.4,
    54.2,
    57.4,
    56.0,
    59.0,
    60.4,
    57.8,
    63.2,
    59.0,
    64.6,
    60.0,
    63.2,
    64.0,
    60.6,
    65.8,
    66.6,
    68.2,
    68.6,
    69.8,
    66.6,
    66.2,
    72.6,
    69.8,
    68.0,
    72.6,
    69.6,
    69.4,
    71.2,
    74.2,
    73.6,
    73.0,
    72.0
  ],
  "val_accs": [
    8.333333333333334,
    15.833333333333334,
    17.5,
    12.5,
    19.166666666666668,
    15.0,
    17.5,
    10.0,
    13.333333333333334,
    17.5,
    14.166666666666666,
    10.833333333333334,
    19.166666666666668,
    14.166666666666666,
    12.5,
    10.0,
    10.833333333333334,
    8.333333333333334,
    16.666666666666668,
    23.333333333333332,
    17.5,
    24.166666666666668,
    19.166666666666668,
    10.833333333333334,
    16.666666666666668,
    27.5,
    23.333333333333332,
    20.0,
    16.666666666666668,
    20.0,
    20.0,
    18.333333333333332,
    13.333333333333334,
    17.5,
    24.166666666666668,
    23.333333333333332,
    14.166666666666666,
    27.5,
    22.5,
    22.5,
    23.333333333333332,
    15.833333333333334,
    26.666666666666668,
    19.166666666666668,
    19.166666666666668,
    13.333333333333334,
    14.166666666666666,
    15.0,
    19.166666666666668,
    22.5,
    20.0,
    22.5,
    15.833333333333334,
    24.166666666666668,
    17.5,
    18.333333333333332,
    27.5,
    24.166666666666668,
    22.5,
    17.5,
    19.166666666666668,
    14.166666666666666,
    24.166666666666668,
    27.5,
    23.333333333333332,
    21.666666666666668,
    25.833333333333332,
    20.833333333333332,
    20.0,
    22.5,
    15.833333333333334,
    20.0,
    20.0,
    27.5,
    19.166666666666668
  ],
  "best_val_acc": 27.5,
  "best_epoch": 25
}