{
  "model_name": "PerFrame2D",
  "num_epochs": 75,
  "learning_rate": 0.001,
  "train_losses": [
    2.519300491090805,
    2.280938886460804,
    2.216075834773836,
    2.1515612299480136,
    2.097495678871397,
    1.971973036962842,
    1.9727621646154494,
    1.9377782609727647,
    1.8085348871019151,
    1.7763782058443343,
    1.5987440073300923,
    1.5473150260864743,
    1.3907444770373996,
    1.3219288275355385,
    1.3889216752279372,
    1.2273946489606584,
    1.1209948058166201,
    1.140924099418852,
    1.11083061543722,
    1.052666617764367,
    1.0722118724906256,
    0.915823012353882,
    0.864658766440929,
    0.8917404785752296,
    0.8845056423119136,
    0.8685898683846943,
    0.8108972070945634,
    0.8363634925039988,
    0.8673206589051655,
    0.7599255695702538,
    0.7522083336398715,
    0.7640825890832477,
    0.852337233130894,
    0.5870965899574379,
    0.7504823651342165,
    0.6575814269867445,
    0.6554972402611008,
    0.756178400050553,
    0.5996368141874434,
    0.6942505204370097,
    0.5933925463625837,
    0.4988347706163213,
    0.6648696249957005,
    0.539998800249859,
    0.5819893350985478,
    0.5424587226339749,
    0.4684886538445772,
    0.5299059703746545,
    0.4910901990970449,
    0.4792446168878722,
    0.4928958218476351,
    0.6156962075425932,
    0.5384887004241584,
    0.4927201990755589,
    0.4735827114477399,
    0.457382433384376,
    0.4498561143984608,
    0.47877605150394614,
    0.4243609432157846,
    0.45074757070664967,
    0.43573965401654796,
    0.46882482793640406,
    0.4195833780861918,
    0.4707044151965954,
    0.4066934980339341,
    0.4100623399024785,
    0.46870164759041344,
    0.46616241879462267,
    0.4533636707744177,
    0.41877691425560487,
    0.4809811582977307,
    0.39510186714251755,
    0.6263470808191905,
    0.3927208989939933,
    0.4315703551886448
  ],
  "val_losses": [
    2.263555653889974,
    2.238812732696533,
    2.2000110944112143,
    2.2623219013214113,
    2.2425494035085043,
    2.144382445017497,
    2.1950660705566407,
    2.2178946256637575,
    2.2785217205683392,
    2.3499269167582195,
    2.7007420539855955,
    3.0155637582143147,
    2.339664038022359,
    2.820235860347748,
    2.3804647366205853,
    2.45228168964386,
    2.7511719942092894,
    2.729681158065796,
    2.982359250386556,
    2.420555373032888,
    2.5420437837640444,
    2.7625621954600015,
    3.029048204421997,
    3.4543608903884886,
    3.0442955414454143,
    3.4782389918963115,
    3.2601677417755126,
    3.5368154565493266,
    3.079156438509623,
    3.073877153793971,
    2.986184501647949,
    2.6572166601816813,
    3.3367600520451863,
    3.5826716899871824,
    3.68567978143692,
    3.0654003262519836,
    3.297495937347412,
    2.6192986567815146,
    3.620396049817403,
    3.9018775105476378,
    3.0584495147069295,
    3.682398426532745,
    3.677084465821584,
    4.640733369191488,
    4.580969973405202,
    3.955858133236567,
    4.332495830953121,
    4.525523603955905,
    3.8407941281795503,
    3.9076814154783883,
    5.55923103193442,
    3.921246890227,
    3.6145829995473227,
    2.857878303527832,
    3.3492924173672995,
    3.586525535583496,
    3.630129794279734,
    3.093276556332906,
    3.785817344983419,
    4.022000328699748,
    4.894205611944199,
    4.349691806236903,
    4.529530640443166,
    4.471223529179891,
    4.670140945911408,
    4.142991757392883,
    3.1740033825238547,
    3.634628955523173,
    4.1166417598724365,
    3.670409345626831,
    3.079480900367101,
    4.013923170169194,
    3.1111776371796926,
    2.9862631301085156,
    3.1145183046658835
  ],
  "train_accs": [
    9.6,
    14.0,
    16.8,
    20.8,
    23.6,
    27.6,
    27.0,
    30.4,
    32.6,
    35.6,
    39.2,
    43.0,
    48.8,
    54.6,
    50.4,
    57.2,
    57.6,
    61.2,
    59.4,
    63.8,
    64.2,
    67.0,
    69.4,
    66.0,
    68.8,
    68.4,
    70.8,
    70.4,
    72.8,
    74.8,
    75.4,
    74.6,
    72.8,
    78.8,
    75.4,
    78.6,
    79.2,
    79.2,
    82.0,
    77.0,
    80.4,
    83.6,
    80.6,
    84.2,
    82.0,
    82.6,
    85.2,
    82.8,
    84.2,
    86.2,
    83.4,
    81.4,
    83.2,
    85.0,
    84.4,
    84.8,
    84.6,
    82.4,
    85.6,
    85.6,
    84.6,
    83.4,
    85.4,
    83.8,
    85.6,
    86.2,
    86.0,
    84.6,
    83.2,
    85.8,
    83.8,
    86.2,
    80.0,
    85.8,
    85.0
  ],
  "val_accs": [
    11.666666666666666,
    8.333333333333334,
    14.166666666666666,
    10.833333333333334,
    19.166666666666668,
    20.0,
    12.5,
    18.333333333333332,
    19.166666666666668,
    20.833333333333332,
    17.5,
    17.5,
    14.166666666666666,
    23.333333333333332,
    20.833333333333332,
    24.166666666666668,
    26.666666666666668,
    15.833333333333334,
    22.5,
    22.5,
    20.833333333333332,
    26.666666666666668,
    15.833333333333334,
    20.0,
    23.333333333333332,
    17.5,
    17.5,
    21.666666666666668,
    14.166666666666666,
    25.0,
    25.0,
    25.0,
    21.666666666666668,
    27.5,
    19.166666666666668,
    26.666666666666668,
    16.666666666666668,
    21.666666666666668,
    20.833333333333332,
    20.833333333333332,
    25.833333333333332,
    20.0,
    24.166666666666668,
    19.166666666666668,
    31.666666666666668,
    30.0,
    20.833333333333332,
    28.333333333333332,
    29.166666666666668,
    27.5,
    21.666666666666668,
    25.0,
    29.166666666666668,
    25.0,
    29.166666666666668,
    25.833333333333332,
    27.5,
    25.0,
    28.333333333333332,
    23.333333333333332,
    22.5,
    23.333333333333332,
    22.5,
    20.833333333333332,
    22.5,
    27.5,
    29.166666666666668,
    30.0,
    25.833333333333332,
    23.333333333333332,
    30.0,
    26.666666666666668,
    30.0,
    31.666666666666668,
    27.5
  ],
  "best_val_acc": 31.666666666666668,
  "best_epoch": 44
}